No.,Meaning,Afrikaans,Albanian,Armenian,Bengali,Bosnian,Bulgarian,Catalan,Croatian,Czech,Danish,Dutch,English,French,Galician,German,Greek,Gujarati,Hindi,Icelandic,Irish,Italian,Latvian,Lithuanian,Macedonian,Marathi,Nepali,Norwegian,Pashto,Persian,Polish,Portuguese,Romanian,Russian,Serbian,Sinhala,Slovak,Slovenian,Spanish,Swedish,Ukrainian,Urdu,Welsh
1,I,ek,unë,ես,আমি,ja,аз,jo,ja,já,jeg,ik,I,je,eu,ich,εγώ,હું,मैं,ég,mé,io,es,aš,јас,मी,म,jeg,زه,من,ja,eu,eu,я,ја,මම,ja,jaz,yo,jag,я,میں,i
2,you (singular),jy,ti,դու,তুমি,ti,ти,tu,ti,ty,du,jij,you,tu,ti,du,εσύ,તું,तुम,þú,tú,tu,tu,tu,ти,तू,तिमी,du,ته,تو,ty,você,tu,ты,ти,ඔබ,ty,ti,tú,du,ти,تم,ti
3,we,ons,ne,մենք,আমরা,mi,ние,nosaltres,mi,my,vi,wij,we,nous,nós,wir,εμείς,અમે,हम,við,muid,noi,mēs,mes,ние,आम्ही,हामी,vi,مونږ,ما,my,nós,noi,мы,ми,අපි,my,mi,nosotros,vi,ми,ہم,ni
4,this,hierdie,ky,այս,এই,ovo,това,això,ovaj,tento,dette,deze,this,ce,isto,diese,αυτός,આ,यह,þetta,seo,questo,šis,tas,ова,हे,यो,denne,دا,این,ten,este,acest,это,ово,මේ,ten,ta,este,detta,це,یہ,hwn
5,that,dat,ai,այդ,যে,to,че,això,da,tamten,at,dat,that,cela,iso,das,εκείνος,કે,वह,það,go,quello,tas,kad,тоа,ते,त्यो,dette,هغه,آن,że,aquele,acea,то,то,අර,to,tisti,ese,den där,те,وه,hwnnw
6,who,wie,kush,ով,কে,ko,кой,qui,tko,kdo,hvem,wie,who,qui,quén,wer,ποιος,કોણ,कौन,hver,cé,chi,kurš,kas,кој,कोण,को,hvem,څوک,کی,który,quem,cine,кто,ko,කවු,kto,kdo,quién,vem,хто,کون,pwy
7,what,wat,çfarë,ինչ,কি,šta,какво,què,što,co,hvad,wat,what,quel,qué,was,τι,શું,क्या,hvað,cad,che,kas,kas,што,काय,के,hva,څه,چه,co,que,ce,что,шта,මොකක්,čo,kaj,qué,vad,що,کیا,beth
8,not,nie,jo,ոչ,না,ne,не,no,ne,ne…,ikke,niet,not,ne pas,non,nicht,δεν,નથી,नहीं,ekki,ní,non,nē,ne,не,नाही,होइन,ikke,نه,نه,nie,não,nu,не,не,නැහැ,nie,ne,no,inte,ні,نہیں,ddim
9,all,alle,gjithë,բոլոր,সব,sve,всичко,tot,svi,všechno,alle,alle,all,tout,todos,alles,όλος,બધા,सब,allur,go léir,tutto,visi,visas,сите,सर्व,सबै,alle,ټول,همه,wszystko,tudo,toate,всё,све,සියළු,všetky,vse,todo,all,всі,تمام,gyd
10,many,baie,shumë,շատ,অনেক,mnogi,много,molts,puno,mnoho,mange,veel,many,beaucoup,moitos,viele,πολύς,ઘણા,अनेक,margur,go leor,molto,daudzi,daugelis,многу,अनेक,धेरै,mange,ډیری,زیاد,wiele,muito,mulți,много,многи,බොහෝ,veľa,veliko,mucho,många,багато,سب,llawer
11,one,een,një,մեկ,এক,jedan,един,un,jedan,jeden,en,een,one,une,un,eins,ένας,એક,एक,einn,aon,uno,viens,vienas,еден,एक,एक,en,یو,یک,jeden,um,unu,один,један,එක,jeden,en,uno,ett,один,ایک,un
12,two,twee,dy,երկու,দুই,dva,две,dos,dva,dva,to,twee,two,deux,dous,zwei,δύο,બે,दो,tveir,dó,due,divi,du,два,दोन,दुई,to,دوه,دو,dwa,dois,două,два,два,දෙක,dva,dve,dos,två,два,دو,dwy
13,big,groot,i madh,մեծ,বৃহৎ,velik,голям,gran,velik,velký,stor,groot,big,grand,grande,groß,μεγάλος,મોટું,बड़ा,stór,mór,grande,liels,didelis,големо,मोठा,ठूलो,stor,لوی,بزرگ,duży,grande,mare,большой,велики,මහා,veľký,velik,grande,stor,великий,بڑا,mawr
14,long,lank,i gjatë,երկար,দীর্ঘ,dug,дълго,llarg,dugo,dlouhý,lang,lang,long,long,longo,lang,μακρύς,લાંબી,लंबा,langur,fada,lungo,garš,ilgas,долго,लांब,लामो,lang,اوږد,طولانی,długi,longo,lung,длинный,дуг,දිග,dlhý,dolg,largo,lång,довгий,لمبا,hir
15,small,klein,i vogël,փոքր,ছোট,mali,малък,petit,mali,malý,lille,klein,small,petit,pequeno,klein,μικρός,નાનું,छोटा,lítill,beag,piccolo,mazs,mažas,мали,लहान,सानो,liten,کوچنی,کوچک,mały,pequeno,mic,маленький,мали,පොඩි,malý,majhen,pequeño,små,малий,چھوٹا,bach
16,woman,vrou,grua,կին,মহিলা,žena,жена,dona,žena,žena,kvinde,vrouw,woman,femme,muller,Frau,γυναίκα,સ્ત્રી,महिला,kona,bean,donna,sieviete,moteris,жена,स्त्री,महिला,kvinne,ښځه,زن,kobieta,mulher,femeie,женщина,жена,කාන්තාවක්,žena,ženska,mujer,kvinna,жінка,عورت,gwraig
17,man,man,burrë,տղամարդ,মানুষ,čovjek,мъж,home,čovjek,muž,mand,mens,man,homme,home,Mann,άνδρας,માણસ,पुरुष,maður,fear,uomo,vīrietis,vyras,човек,माणूस,पुरुष,mann,سړی,مرد,mężczyzna,homen,om,мужчина,човек,පුරුෂයා,muž,moški,hombre,man,чоловік,مرد,dyn
18,person,persoon,person,մարդ,ব্যক্তি,osoba,лице,persona,osoba,člověk,person,persoon,person,personne,persoa,Person,πρόσωπος,વ્યક્તિ,व्यक्ति,manneskja,duine,persona,cilvēks,asmuo,лице,व्यक्ती,व्यक्ति,person,شخص,شخص,osoba,pessoa,persoană,человек,особа,මිනිස්සා,človek,oseba,persona,person,особа,شخص,person
19,fish,vis,peshk,ձուկ,মাছ,riba,риба,peix,riba,ryba,fisk,vis,fish,poisson,peixe,Fisch,ψάρι,માછલી,मछली,fiskur,iasc,pesce,zivs,žuvis,риба,मासे,माछा,fisk,کب,ماهی,ryba,peixe,peşte,рыба,риба,මාළු,ryba,riba,pescado,fisk,риба,مچھلی,pysgodyn
20,bird,voël,zog,թռչուն,পাখি,ptica,птица,ocell,ptica,pták,fugl,vogel,bird,oiseau,paxaro,Vogel,πουλί,પક્ષી,चिड़िया,fugl,éan,uccello,putns,paukštis,птица,पक्षी,चरा,fugl,مرغۍ,پرنده,ptak,pássaro,pasăre,птица,птица,කුරුල්ලා,vták,ptica,pájaro,fågel,птах,پرندہ,aderyn
21,dog,hond,qen,շուն,কুকুর,pas,куче,gos,pas,pes,hund,hond,dog,chien,can,Hund,σκύλος,કૂતરો,कुत्ता,hundur,madra,cane,suns,šuo,куче,कुत्रा,कुकुर,hund,سپی,سگ,pies,cachorro,câine,собака,пас,බල්ලා,pes,pes,perro,hund,собака,کتا,ci
22,louse,luis,morr,ոջիլ,উকুন,uš,въшка,poll,uš,veš,lus,luis,louse,pou,piollo,Laus,ψείρα,જૂઈ,जूं,lús,mionlach,pidocchio,uts,utėlė,вошка,लूज,जुम्रा,lus,شپږه,شپش,wesz,piolho,păduche,вошь,уш,උකුණා,voš,uš,piojo,lus,воші,جوئیں,lleuen
23,tree,boom,pemë,ծառ,গাছ,drvo,дърво,arbre,stablo,strom,træ,boom,tree,arbre,árbore,Baum,δέντρο,વૃક્ષ,पेड़,tré,crann,albero,koks,medis,дрво,झाड,रुख,tre,ونه,درخت,drzewo,árvore,copac,дерево,дрво,ගස,strom,drevo,árbol,träd,дерево,درخت,coeden
24,seed,saad,farë,սերմ,বীজ,sjeme,семена,llavor,sjeme,semeno,frø,zaad,seed,graine,semente,Samen,σπόρος,બીજ,बीज,fræ,síol,seme,sēkla,sėkla,семка,बियाणे,बीज,frø,تخم,دانه,nasionko,semente,sămânță,семя,семе,ඇටය,semeno,seme,semilla,utsäde,насіння,بیج,hedyn
25,leaf,blaar,gjeth,տերև,পাতা,list,лист,fulla,list,list,blad,blad,leaf,feuille,folla,Blatt,φύλλο,પર્ણ,पत्ता,laufblað,duilleog,foglia,lapa,lapelis,лист,पान,पात,blad,پاڼه,برگ,liść,folha,frunze,лист,лист,කොළ,list,list,hoja,blad,лист,پتی,dalen
26,root,wortel,rrënjë,արմատ,মূল,korijen,корен,arrel,korijen,kořen,rod,wortel,root,racine,raíz,Wurzel,ρίζα,મૂળ,जड़,rót,fréamh,radice,sakne,šaknis,корен,मूळ,जरा,rot,ريښه,ریشه,źródło,raiz,rădăcină,корень,корен,මූල,koreň,koren,raíz,rot,корінь,جڑ,gwraidd
27,bark,bas,lëvore,կեղև,বাকল,kora,кора,escorça,kora,kůra,bark,blaffen,bark,écorce,casca,Borke,φλοιός,છાલ,छाल,börkur,choirt,corteccia,miza,žievė,кора,झाडाची साल,रूखको बोक्रा,bark,پوستکی,پوست درخت,szczekać,casca,scoarță,кора,кора,පොත්ත,štekať,lubje,corteza,skall,кора,چھال,rhisgl
28,skin,vel,lëkurë,կաշի,চামড়া,koža,кожа,pell,koža,kůže,hud,huid,skin,peau,pel,Haut,δέρμα,ત્વચા,त्वचा,húð,craiceann,pelle,āda,oda,кожата,त्वचा,छाला,hud,پوستکی,پوست,skóra,pele,piele,кожа,кожа,හම,koža,koža,piel,hud,шкіра,جلد,croen
29,flesh,vleis,mish,մարմին,মাংস,meso,месо,carn,meso,maso,kød,vlees,flesh,viande,carne,Fleisch,κρέας,માંસ,मांस,kjöt,feoil,carne,gaļa,mėsa,месо,मांस,मासु,kjøtt,غوښه,گوشت,mięso,carne,carne,мясо,месо,මස්,mäso,meso,carne,kött,м'ясо,گوشت,cig
30,blood,bloed,gjak,արյուն,রক্ত,krv,кръв,sang,krv,krev,blod,bloed,blood,sang,sangue,Blut,αίμα,લોહી,रक्त,blóð,fola,sangue,asins,kraujas,крв,रक्त,रगत,blod,وینه,خون,krew,sangue,sânge,кровь,крв,ලේ,krv,kri,sangre,blod,кров,خون,gwaed
31,bone,been,kockë,ոսկոր,হাড়,kost,костен,os,kost,kost,knogle,bot,bone,os,óso,Knochen,οστό,અસ્થિ,हड्डी,bein,cnámh,osso,kauls,kaulas,коска,हाड,हड्डी,bein,هډوکي,استخوان,kość,osso,os,кость,кост,අස්ථිය,kosť,kost,hueso,ben,кістка,ہڈی,asgwrn
32,grease,vet,dhjamë,ճարպ,গ্রীস,mast,мазнините,greix,mast,tuk,fedt,vet,grease,graisse,grasa,Fett,γράσο,ચરબી,ग्रीस,feiti,ramhar,grasso,tauki,riebus,маст,चरबी,ग्रीस,fett,غوړي,گریس,tłuszcz,gordura,grăsime,жир,маст,තෙල්,tuk,mast,grasa,fett,жир,چربی,saim
33,egg,eier,vezë,ձու,ডিম,jaje,яйце,ou,jaje,vejce,æg,ei,egg,œuf,ovo,Ei,αυγό,ઇંડા,अंडा,egg,ubh,uovo,ola,kiaušinis,јајце,अंडी,अण्डा,egg,هګۍ,تخم مرغ,jajko,ovo,ou,яйцо,јаје,බිත්තරය,vajce,jajce,huevo,ägg,яйце,انڈہ,wy
34,horn,horing,bri,եղջյուր,শিং,rog,рог,banya,rog,roh,horn,hoorn,horn,klaxon,esquina,Horn,κέρατο,શિંગડું,सींग,horn,adharc,corno,rags,ragas,рог,शिंग,सींग,horn,ښکر,شاخ,klakson,chifre,corn,рог,рог,අඟ,klaksón,rog,cuerno,horn,ріг,سینگ,corn
35,tail,stert,bisht,պոչ,লেজ,rep,опашка,cua,rep,ocas,hale,staart,tail,queue,rabo,Schwanz,ουρά,પૂંછડી,पूंछ,hali,eireaball,coda,aste,uodega,опашка,शेपूट,पुच्छर,hale,لکۍ,دم,ogon,cauda,coadă,хвост,реп,වලිගය,chvost,rep,cola,svans,хвіст,دم,cynffon
36,feather,veer,pendë,փետուր,পালক,pero,перо,ploma,pero,pero,fjer,veerkracht,feather,plume,pluma,Feder,φτερό,પીછા,पंख,fjöður,cleite,penna,spalva,plunksna,пердув,पंख,पखेटा,fjær,بڼکه,پر,pióro,pena,pană,перо,перо,පිහාටු,pero,pero,pluma,fjäder,перо,پنکھ,pluen
37,hair (on head),hare,flokë,մազ,চুল,kosa,коса,pèl,kosa,vlasy,hår,haar,hair,cheveu,cabelo,Haar,μαλλιά,વાળ,बाल,hár,gruaig,capello,mati,plaukai,коса,केस,केश,hår,ویښتان,مو,włosy,cabelo,păr,волосы,коса,හිසකෙස්,vlas,las,cabello,hår,волосся,بال,gwallt
38,head,kop,kokë,գլուխ,মাথা,glava,глава,cap,glava,hlava,hoved,hoofd,head,tête,cabeza,Kopf,κεφάλι,વડા,सिर,höfuð,ceann,testa,galva,galva,главата,डोके,सिर,hode,سر,سر,głowa,cabeça,cap,голова,глава,හිස,hlava,glava,cabeza,huvud,голова,سر,copa
39,ear,oor,vesh,ականջ,কান,uho,ухо,orella,uho,ucho,øre,oor,ear,oreille,orella,Ohr,αυτί,કાન,कान,eyra,cluas,orecchio,auss,ausis,уво,कान,कान,øre,غوږ,گوش,ucho,orelha,ureche,ухо,ухо,කන,ucho,uho,oreja,öra,вухо,کان,clust
40,eye,oog,sy,աչք,চোখ,oko,око,ull,oko,oko,øje,oog,eye,œil,ollo,Auge,μάτι,આંખ,आंख,auga,súil,occhio,acs,akis,окото,डोळा,आँखा,øye,سترګه,چشم,oko,olho,ochi,глаз,око,ඇස,oko,oko,ojo,öga,око,آنکھ,llygad
41,nose,neus,hundë,քիթ,নাক,nos,нос,nas,nos,nos,næse,neus,nose,nez,nariz,Nase,μύτη,નાક,नाक,nef,srón,naso,deguns,nosies,носот,नाक,नाक,nese,پوزه,بینی,nos,nariz,nas,нос,нос,නාසය,nos,nos,nariz,näsa,ніс,ناک,trwyn
42,mouth,mond,gojë,բերան,মুখ,usta,устата,boca,usta,ústa,mund,mond,mouth,bouche,boca,Mund,στόμα,મોં,मुँह,munnur,béal,bocca,mute,burna,устата,तोंड,मुख,munn,خوله,دهان,usta,boca,gură,рот,уста,කට,ústa,usta,boca,mun,рот,منہ,ceg
43,tooth,tand,dhëmb,ատամ,দাঁত,zub,зъб,dent,zub,zub,tand,tand,tooth,dent,dente,Zahn,δόντι,દાંત,दाँत,tönn,fiacail,dente,zobs,dantis,заб,दात,दाँत,tann,غاښ,دندان,ząb,dente,dinte,зуб,зуб,දත,zub,zob,diente,tand,зуб,دانت,dant
44,tongue,tong,gjuhë,լեզու,জিহ্বা,jezik,език,llengua,jezik,jazyk,tunge,tong,tongue,langue,lingua,Zunge,γλώσσα,જીભ,जीभ,tunga,teanga,lingua,mēle,liežuvis,јазикот,जीभ,जिब्रो,tunge,ژبه,زبان,język,língua,limbă,язык,језик,දිව,jazyk,jezik,lengua,tunga,язик,زبان,tafod
45,claw,klou,kthetër,ճանկ,নখর,kandža,нокът,urpa,pandža,dráp,klo,klauw,claw,griffe,garra,Klaue,δαγκάνα,પંજો,पंजा,kló,crúb,artiglio,nags,letena,канџи,पंजा,पञ्जा,klo,پنجه,پنجه,pazur,garra,gheară,коготь,канџа,නියපොත්ත,pazúr,krempelj,garra,klo,кіготь,پنجہ,crafanc
46,foot,voet,këmbë,ոտնաթաթ,ফুট,stopalo,крак,peu,noga,noha,fod,voet,foot,pied,pé,Fuß,πόδι,પગ,पैर,fótur,cos,piede,pēda,pėda,стапало,पाऊल,खुट्टा,fot,پښه,پا,stopa,pé,picior,стопа,стопа,පය,chodidlo,stopalo,pie,fot,стопа,پاؤں,troed
47,knee,knie,gju,ծունկ,হাঁটু,koljeno,коляно,genoll,koljeno,koleno,knæ,knie,knee,genou,xeonllo,Knie,γόνατο,ઘૂંટણ,घुटना,hné,glúin,ginocchio,celis,kelis,коленото,गुडघा,घुँडा,kne,زنګون,زانو,kolano,joelho,genunchi,колено,колено,දණහිස,koleno,koleno,rodilla,knä,коліно,گھٹنے,glin
48,hand,hand,dorë,ձեռք,হাত,ruka,ръка,mà,ruka,ruka,hånd,hand,hand,main,man,Hand,χέρι,હાથ,हाथ,hönd,lámh,mano,roka,ranka,рака,हात,हात,hånd,لاس,دست,ręka,mão,mână,рука,рука,අත,ruka,roka,mano,hand,рука,ہاتھ,llaw
49,belly,maag,bark,փոր,পেট,trbuh,корем,ventre,trbuh,břicho,mave,buik,belly,ventre,barriga,Bauch,κοιλιά,પેટ,पेट,magi,bolg,pancia,vēders,pilvas,стомак,पोट,पेट,mage,خیټه,شکم,brzuch,barriga,burtă,живот,стомак,බඩ,brucho,trebuh,vientre,mage,живіт,پیٹ,bol
50,neck,nek,qafë,վիզ,ঘাড়,vrat,врата,coll,vrat,krk,nakke,nek,neck,cou,pescozo,Nacken,λαιμός,ગરદન,गरदन,háls,muineál,collo,kakls,kaklas,вратот,मान,गर्दन,nakke,غاړه,گردن,szyja,pescoço,gât,шея,врат,බෙල්ල,krk,vrat,cuello,nacke,шия,گردن,gwddf
51,breast,bors,gji,կուրծք,স্তন,grudi,гърдата,pit,grudi,prs,bryst,borst,breast,sein,peito,Brust,στήθος,છાતી,स्तन,brjóst,cíoch,seno,krūts,krūtinė,гради,स्तन,स्तन,bryst,سینه,پستان,pierś,seio,sanului,грудь,дојке,පියයුරු,prsník,prsi,seno,bröst,груди,چھاتی,fron
52,heart,hart,zemër,սիրտ,হৃদয়,srce,сърце,cor,srce,srdce,hjerte,hart,heart,cœur,corazón,Herz,καρδιά,હૃદય,हृदय,hjarta,croí,cuore,sirds,širdis,срцето,हृदय,मुटु,hjerte,زړه,قلب,serca,coração,inima,сердце,срце,හෘදය,srdce,srce,corazón,hjärta,серце,دل,calon
53,liver,lewer,mëlçi,լյարդ,যকৃত,jetra,черен дроб,fetge,jetra,játra,lever,lever,liver,foie,fígado,Leber,συκώτι,યકૃત,जिगर,lifur,ae,fegato,aknas,kepenys,црниот дроб,यकृत,कलेजो,lever,ځيګر,کبد,wątroba,fígado,ficat,печень,јетра,අක්මාව,pečeň,jetra,hígado,lever,печінка,جگر,iau
54,drink,drink,pi,խմել,পান করা,piti,пия,beure,piti,pít,drikke,drankje,drink,boire,beber,trinken,ποτό,પીવું,पीना,drykkur,deoch,bere,dzert,gerti,пијат,पेय,पिउनु,drikke,څښاک,نوشیدن,pić,beber,a băutură,пить,пити,බොනවා,piť,piti,beber,dricka,пити,پینا,yfed
55,eat,eet,ha,ուտել,খাওয়া,jesti,яжте,menjar,jesti,jíst,spise,eten,eat,manger,comer,essen,τρώω,ખાવું,खाना,borða,ith,mangiare,ēst,valgyti,јадете,खाणे,खानु,spise,خوړل,خوردن,jeść,comer,a mânca,кушать,јести,කනවා,jesť,jesti,comer,äta,їсти,کهانا,bwyta
56,bite,byt,kafshoj,կծել,কামড়,ugristi,хапя,mossegar,gristi,kousat,bide,bijten,bite,mordre,morder,beissen,δάγκωμα,ડંખ,काटना,bíta,prioc,mordere,kost,kąsti,залак,चावणे,तोक्नु,bite,چیچل,گاز گرفتن,ugryzienie,moder,a mușcă,кусать,уједати,දෂ්ට කරනවා,uhryznúť,gristi,morder,bita,кусати,کاٹنا,brathu
57,see,sien,shoh,տեսնել,দেখা,vidjeti,виж,veure,vidjeti,vidět,se,zien,see,voir,ver,sehen,βλέπω,જુઓ,देखना,sjá,feic,vedere,redzēt,pamatyti,види,पहा,हेर्नु,se,لیدل,دیدن,zobaczyć,ver,a vedea,видеть,видети,බලනවා,vidieť,videti,ver,ser,побачити,دیکھنا,gweld
58,hear,hoor,dëgjoj,լսել,শোনা,čuti,чувам,escoltar,čuti,slyšet,høre,horen,hear,écouter,escoitar,hören,ακούω,સાંભળો,सुनना,heyra,clois ,ascoltare,dzirdēt,girdėti,слушаат,ऐकणे,सुन्नु,høre,اوریدل,شنیدن,słyszeć,ouvir,a auzi,слышать,чути,අහනවා,počuť,slišati,escuchar,höra,почути,سننا,clywed
59,know,weet,di,իմանալ,জানা,znati,зная,saber,znati,vědět,ved godt,weten,know,connaître,saber,wissen,ξέρω,ખબર,जानना,vita,fios,sapere,zināt,žinoti,знае,माहित आहे,थाहा हुनु,vet,پوهیدل,دانستن,wiedzieć,conhecer,a știu,знать,знати,දන්නවා,vedieť,vedeti,saber,känna till,знати,جاننا,medru
60,sleep,slaap,fle,քնել,ঘুম,spavati,сън,dormir,spavati,spát,sove,slapen,sleep,dormir,durmir,schlafen,ύπνος,ઊંઘ,सोना,sofa,codail,dormire,gulēt,miegoti,спиење,झोप,सुत्नु,sove,خوب,خوابیدن,spać,dormir,a dormi,спать,спавати,නිදාගන්නවා,spať,spati,dormir,sova,спати,سونا,cysgu
61,die,sterf,vdes,մահանալ,মারা,umrijeti,умират,morir,umrijeti,zemřít,dø,sterven,die,mourir,morrer,sterben,πεθαίνω,મૃત્યુ,मरना,deyja,bás,morire,mirt,mirti,умре,मरणे,मर्नु,dø,مړه کیدل,مردن,umierać,morrer,a muri,умереть,умрети,මැරෙනවා,zomrieť,umreti,morir,dö,померти,مرنا,marw
62,kill,dood,vras,սպանել,হত্যা,ubiti,убиват,matar,ubiti,zabít,dræbe,doden,kill,tuer,matar,töten,σκοτώνω,મારવા,मारना,drepa,maraigh,uccidere,nogalināt,nužudyti,убие,मारणे,मार्नु,drepe,وژل,کشتن,zabić,matar,a ucide,убить,убити,මරනවා,zabiť,ubiti,matar,döda,вбити,قتل,lladd
63,swim,swem,notoj,լողալ,সাঁতার কাটা,plivati,плувам,nedar,plivati,plavat,svømme,zwemmen,swim,nager,nadar,schwimmen,κολυμπάω,તરવું,तैरना,synda,snámh,nuotare,peldēt,plaukti,пливаат,पोहणे,पौडनु,svømme,لامبو,شنا کردن,pływać,nadar,a înot,плавать,пливати,පීනනවා,plávať,plavati,nadar,simma,плавати,تیرنا,nofio
64,fly,vlieg,fluturoj,թռչել,উড়া,letjeti,летя,volar,letjeti,létat,flyve,vliegen,fly,voler,voar,fliegen,πετώ,ઉડી,उड़ना,fljúga,eitil,volare,lidot,skristi,летаат,उडणे,उड्नु,fly,الوتل,پرواز کردن,latać,voar,a zbura,летать,лети,පියාසර කරනවා,letieť,leteti,volar,flyga,літати,اڑنا,ehedeg
65,walk,loop,eci,քայլել,হাঁটা,hodati,разходка,caminar,hodati,jít,gå,lopen,walk,marcher,andar,gehen,περπατάω,ચાલવું,पैदल चलना,ganga,siúl,camminare,staigāt,vaikščioti,прошетка,चालणे,हिँड्नु,gå,قدم وهل,راه رفتن,spacerować,caminhar,a merge,ходить,ходати,ඇවිදිනවා,ísť,sprehajati,andar,promenera,ходити,چلنا,cerdded
66,come,kom,vij,գալ,আসা,doći,идвам,vinir,doći,přijít,komme,komen,come,venir,vir,kommen,έρχομαι,આવો,आना,koma,tar,venire,nākt,ateiti,дојди,येणे,आउनु,komme,راځه,آمدن,chodzić,vir,a vine,приходить,доћи,එනවා,prísť,priti,venir,komma,прийти,آنا,dod
67,lie (lie down),lê,shtrihem,պառկել,শোয়া,laž,лежа,estirar-se,lagati,ležet,ligge,liggen,lie,s'allonger,deitarse,liegen,ξαπλώνω,સૂવું,लेटना,leggja,luigh,sdraiarsi,gulēt,gulėti,лежи,पहुडणे,तेर्सिनु,ligge,دروغ,دراز کشیدن,połóż się,deitar-se,zăcea,лежать,лећи,වැතිරෙන්න,ležať,ležati,yacer,ligga,лежати,پڑنا,gorwedd
68,sit,sit,ulem,նստել,বসা,sjediti,седнете,seure,sjediti,sedět,sidde,zitten,sit,s'asseoir,sentar,sitzen,κάθομαι,બેસવું,बैठना,sitja,suí,sedersi,sēdēt,sėdėti,седи,बसणे,बस्नु,sitte,ناست,نشستن,siedzieć,sentar,a sta,сидеть,седети,වාඩි වෙනවා,sedieť,sedeti,sentar,sitta,сидіти,بیٹھنا,eistedd
69,stand,staan,qendroj,կանգնել,দাঁড়ানো,stajati,стойка,parar,stajati,stát,stå,staan,stand,se tenir debout,estar de pé,stehen,στέκομαι,ઊભું,खड़ा होना,standa,seas,alzarsi,stāvēt,stovėti,стојат,उभे,उठ्नु,stå,ولاړ,ایستادن,stać,ficar de pé,a stand,стоять,стајати,නැගී සිටිනවා,stáť,stati,ponerse de pie,stå,стояти,کھڑا ہونا,sefyll
70,give,gee,jap,տալ,দেওয়া,dati,дай,donar,dati,dát,give,geven,give,donner,dar,geben,δίνω,આપો,देना,gefa,tabhair,dare,dot,duoti,даде,देणे,दिनु,gi,ورکول,دادن,dawać,dar,a da,давать,дати,දෙනවා,dať,dati,dar,ge,дати,دینا,rhoi
71,say,sê,them,ասել,বলা,reći,казвам,dir,reći,říct,sige,zeggen,say,dire,dicir,sagen,λέω,કહો,कहना,segja,abair,dire,runāt,pasakyti,рече,म्हणा,भन्नु,si,ووایه,گفتن,mowić,dizer,a spune,говорить,рећи,කියනවා,povedať,reči,decir,säga,казати,کہنا,dweud
72,sun,son,diell,արև,সূর্য,sunce,слънце,sol,sunce,slunce,sol,zon,sun,soleil,sol,Sonne,ήλιος,સૂર્ય,सूर्य,sól,grian,sole,saule,saulė,сонце,सूर्य,सूर्य,sol,لمر,آفتاب,słońce,sol,soare,солнце,сунце,හිරු,slnko,sonce,sol,sol,сонце,سورج,haul
73,moon,maan,hënë,լուսին,চাঁদ,mjesec,луна,lluna,mjesec,měsíc,måne,maan,moon,lune,lúa,Mond,φεγγάρι,ચંદ્ર,चंद्रमा,tungl,gealach,luna,mēness,mėnulis,месечината,चंद्र,चन्द्रमा,måne,سپوږمۍ,ماه,księżyc,lua,lună,луна,месец,සඳ,mesiac,luna,luna,måne,місяць,چاند,lleuad
74,star,ster,yll,աստղ,তারকা,zvijezda,звезда,estrella,zvijezda,hvězda,stjerne,ster,star,étoile,estrela,Stern,αστέρι,તારો,सितारा,stjarna,réalta,stella,zvaigzne,žvaigždė,ѕвезда,तारा,तारा,stjerne,ستوری,ستاره,gwiazda,estrela,stea,звезда,звезда,තරුව,hviezda,zvezda,estrella,stjärna,зорі,ستارہ,seren
75,water,water,ujë,ջուր,জল,voda,вода,aigua,voda,voda,vand,water,water,eau,auga,Wasser,νερό,પાણી,पानी,vatn,uisce,acqua,ūdens,vandens,вода,पाणी,पानी,vann,اوبه,آب,woda,água,apă,вода,вода,ජලය,voda,voda,agua,vatten,вода,پانی,dwr
76,rain,reën,shi,անձրև,বৃষ্টি,kiša,дъжд,pluja,kiša,déšť,regn,regen,rain,pluie,choiva,Regen,βροχή,વરસાદ,वर्षा,rigning,báisteach,pioggia,lietus,lietus,дожд,पाऊस,वर्षा,regn,باران,باران,deszcz,chuva,ploaie,дождь,киша,වැස්ස,dážď,dež,lluvia,regn,дощ,بارش,glaw
77,stone,klip,gur,քար,পাথর,kamen,камък,pedra,kamen,kámen,sten,steen,stone,pierre,pedra,Stein,πέτρα,પથ્થર,पथरी,steinn,cloch,pietra,akmens,akmuo,камен,दगड,पत्थर,stein,ډبره,سنگ,kamień,pedra,piatră,камень,камен,ගල,kameň,kamen,roca,sten,камінь,پتھر,carreg
78,sand,sand,rërë,ավազ,বালি,pijesak,пясък,sorra,pijesak,písek,sand,zand,sand,sable,area,Sand,άμμος,રેતી,रेत,sandur,gaineamh,sabbia,smiltis,smėlis,песок,वाळू,बालुवा,sand,شګه,شن,piasek,areia,nisip,песок,песак,වැලි,piesok,pesek,arena,sand,пісок,ریت,tywod
79,earth,aarde,tokë,գետին,মাটি,zemlja,земя,terra,zemlja,země,jorden,aarde,earth,terre,terra,Erde,γη,પૃથ્વી,धरती,jörð,talamh,terra,zeme,žemė,земјата,पृथ्वी,पृथ्वी,jord,ځمکه,زمین,ziemia,terra,pământ,земля,земља,පස,zem,zemlja,tierra,jorden,земля,زمین,ddaear
80,cloud,wolk,re,ամպ,মেঘ,oblak,облак,núvol,oblak,mrak,sky,wolk,cloud,nuage,nube,Wolke,σύννεφο,વાદળ,बादल,ský,scamall,nuvola,mākonis,debesis,облак,ढग,बादल,sky,ورېځ,ابر,chmura,nuvem,nor,облако,облак,වලාකුළු,oblak,oblak,nube,moln,хмара,بادل,cwmwl
81,smoke,rook,tym,ծուխ,ধোঁয়া,dim,дим,fum,dim,kouř,røg,rook,smoke,fumée,fume,Rauch,καπνός,ધુમાડો,धुआँ,reykur,deatach,fumo,dūmi,dūmai,чад,धूर,धुम्रपान,røyk,لوګي,دود,dym,fumaça,fum,дым,дим,දුම,dym,dim,humo,rök,дим,دھواں,mwg
82,fire,vuur,zjarr,կրակ,আগুন,vatra,огън,foc,vatra,oheň,ild,vuur,fire,feu,lume,Feuer,φωτιά,આગ,आग,eldur,tine,fuoco,uguns,ugnis,оган,आग,आगो,brann,اور,آتش,ogień,fogo,foc,огонь,ватра,ගිනි,oheň,ogenj,fuego,brand,вогонь,آگ,tân
83,ash,as,hi,մոխիր,ছাই,pepeo,пепел,cendra,pepeo,popel,aske,as,ash,cendre,cinza,Asche,στάχτη,રાખ,राख,askur,fuinseog,cenere,pelni,pelenai,пепел,राख,खरानी,aske,ایره,خاکستر,popiół,cinzas,cenușă,зола,попео,අළු,popol,pepel,ceniza,aska,попіл,راکھ,lludw
84,burn,brand,djeg,այրել,পোড়া,goriti,горя,cremar,spaliti,hořet,brænde,brandwond,burn,brûler,queimar,brennen,έγκαυμα,બળે,जलाना,brenna,sruthán,bruciare,degt,deginti,изгори,जाळणे,जलन,brenne,سوځیدل,سوختن,rozpalić,queimar,a arde,гореть,горети,පුළුස්සා දමනවා,horieť,zažgati,quemar,bränna,спалювати,جلنا,llosgi
85,path,pad,rrugë,ուղի,পথ,put,път,camí,put,cesta,vej,pad,path,chemin,camiño,Pfad,μονοπάτι,માર્ગ,पथ,leið,bóthar,sentiero,ceļš,kelias,патека,मार्ग,मार्ग,sti,لاره,مسیر,ścieżka,caminho,drum,путь,пут,මාර්ග,chodník,steza,camino,väg,шлях,راستہ,llwybr
86,mountain,berg,mal,սար,পর্বত,planina,планина,muntanya,planina,hora,bjerg,berg,mountain,montagne,montaña,Berg,βουνό,પર્વત,पहाड़,fjall,sliabh,montagna,kalns,kalnas,планина,डोंगर,हिमाल,fjell,غر,کوه,góra,montanha,munte,гора,планина,කන්ද,hora,gora,montaña,fjäll,гора,پہاڑ,mynydd
87,red,rooi,i kuq,կարմիր,লাল,crven,червен,roig,crven,červený,rød,rood,red,rouge,vermello,rot,κόκκινος,લાલ,लाल,rauður,dearg,rosso,sarkans,raudonas,црвено,लाल,रातो,rød,سور,قرمز,czerwony,vermelho,roșu,красный,црвен,රතු,červená,rdeč,rojo,röd,червоний,سرخ,coch
88,green,groen,jeshil,կանաչ,সবুজ,zelen,зелено,verd,zelen,zelený,grøn,groen,green,vert,verde,grün,πράσινος,લીલા,हरा,grænn,glas,verde,zaļš,žalias,зелена,हिरवा,हरियो,grønn,شین,سبز,zielony,verde,verde,зеленый,зелен,කොළ,zelená,zelen,verde,grön,зелений,سبز,gwyrdd
89,yellow,geel,i verdhë,դեղին,হলুদ,žut,жълто,groc,žut,žlutý,gul,geel,yellow,jaune,amarelo,gelb,κίτρινος,પીળો,पीला,gulur,buí,giallo,dzeltens,geltonas,жолта,पिवळा,पहेँलो,gul,ژیړ,زرد,żółty,amarelo,galben,желтый,жут,කහ,žltá,rumen,amarillo,gul,жовтий,پیلا,melyn
90,white,wit,i bardhë,սպիտակ,সাদা,bijeli,бяло,blanc,bijeli,bílý,hvid,wit,white,blanche,branco,Weiß,λευκός,સફેદ,सफेद,hvítur,bán,bianca,balts,baltas,бело,पांढरा,सेतो,hvit,سپین,سفید,biały,branco,alb,белый,бео,සුදු,biely,bel,blanco,vit,білий,سفید,gwyn
91,black,swart,i zi,սև,কালো,crn,черен,negre,crn,černý,sort,zwart,black,noir,negro,Schwarz,μαύρος,કાળો,काला,svartur,dubh,nero,melns,juodas,црна,काळा,कालो,svart,تور,سیاه,czarny,preto,negru,чёрный,црн,කලු,čierna,črn,negro,svart,чорний,سیاہ,du
92,night,nag,natë,գիշեր,রাত,noć,нощ,nit,noć,noc,nat,nacht,night,nuit,noite,Nacht,νύχτα,રાત,रात,nótt,oíche,notte,nakts,naktis,ноќе,रात्री,राती,natt,شپه,شب,noc,noite,noapte,ночь,ноћ,රෑ,noc,noč,noche,natt,ніч,رات,nos
93,hot,warm,i nxehtë,տաք,গরম,vruće,горещо,calent,vruće,horký,hed,heet,hot,chaud,quente,heiß,ζεστός,ગરમ,गरम,heitur,te,caldo,karsts,karštas,жешко,गरम,तातो,varm,ګرم,گرم,gorący,quente,fierbinte,горячий,вруће,උණුසුම්,horúci,vroče,caliente,varm,гарячий,گرم,poeth
94,cold,koue,i ftohtë,սառը,ঠান্ডা,hladan,студ,fred,hladan,studený,kold,koud,cold,froid,frío,kalt,κρύος,ઠંડી,ठंडा,kaldur,fuar,freddo,auksts,šaltas,ладно,थंड,चिसो,kald,ساړه,سرد,zimny,frio,rece,холодный,хладно,සීතල,chladný,hladno,frío,kall,холодний,ٹھنڈا,oerfel
95,full,volledige,i mbushur,լիքը,সম্পূর্ণ,pun,пълен,ple,puna,úplný,fuld,vol,full,plein,cheo,voll,γεμάτος,સંપૂર્ણ,भरा हुआ,fullur,lán,pieno,pilns,pilnas,полн,पूर्ण,पूरा,full,ډک,پر,pełny,cheio,deplin,полный,пун,පිරුණු,plný,poln,lleno,full,повний,مکمل,llawn
96,new,nuut,i ri,նոր,নতুন,nov,нов,nou,nov,nový,ny,nieuwe,new,nouveau,novo,Neu,νέος,નવું,नवीन,nýr,nua,nuovo,jauns,naujas,нов,नवीन,नयाँ,ny,نوی,جدید,nowy,novo,nou,новый,нов,අලුත්,nový,nov,nuevo,ny,новий,نیا,newydd
97,good,goeie,i mirë,լավ,ভাল,dobar,добре,bo,dobar,dobrý,god,goed,good,bon,bo,gut,καλός,સારું,अच्छा,góður,maith,buono,labi,geras,добро,चांगले,राम्रो,god,ښه,خوب,dobry,bom,bun,хороший,добар,හොඳ,dobrý,dober,bueno,bra,добре,اچھا,dda
98,round,ronde,qark,կլոր,বৃত্তাকার,okruglo,кръгъл,rodó,okrugao,kulatý,rund,ronde,round,rond,redondo,rund,στρογγυλό,ગોળાકાર,गोल,kringlóttur,cruinn,tondo,apaļš,apvalus,круг,गोल,गोलो,rund,ګرد,گرد,okrągły,redondo,rundă,круглый,округли,රවුම්,okrúhly,okrogel,redondo,runda,круглий,گول,crwn
99,dry,droë,i thatë,չոր,শুকানো,suho,суха,sec,suha,suchý,tør,droog,dry,sec,seco,trocken,ξηρός,શુષ્ક,सूखा,þurr,tirim,asciutto,sauss,sausas,сува,कोरडे,सुख्खा,tørke,وچ,خشک,suchy,seco,uscat,сухой,сув,වියළි,suchý,suh,seco,torr,сухий,خشک,sych
100,name,naam,emër,անուն,নাম,ime,име,nom,ime,název,navn,naam,name,nom,nome,Name,όνομα,નામ,नाम,nafn,ainm,nome,nosaukums,vardas,име,नाव,नाम,navn,نوم,نام,nazwa,nome,nume,имя,име,නම,názov,ime,nombre,namn,ім'я,نام,enw
101,he,hy,ai,նա,সে,on,той,ell,on,on,han,hij,he,il,él,er,αυτός,તે,वह,hann,sé,lui,viņš,jis,тој,तो,ऊ,han,هغه,او,on,ele,el,он,он,එයා,on,on,él,han,він,وہ,e
102,you (plural),julle,ju,դուք,তোমরা,vi,вие,vosaltres,vi,vy,I,jullie,you,vous,vós,ihr,εσείς,તમે,आप लोग,þið,sibh,voi,jūs,jūs,вие,तुम्ही,तिमीहरू,dere,تاسو,شما,wy,vocês,voi,вы,ви,ඔයාලා,vy,vi,vosotros,ni,ви,تم لوگ,chi
103,they,hulle,ata,նրանք,তারা,oni,те,ells,oni,oni,de,zij,they,ils,eles,sie,αυτοί,તેઓ,वे,þeir,siad,loro,viņi,jie,тие,ते,उनीहरू,de,هغوی,آنها,oni,eles,ei,они,они,එයාලා,oni,oni,ellos,de,вони,وہ,nhw
104,here,hier,këtu,այստեղ,এখানে,ovdje,тук,aquí,ovdje,tady,her,hier,here,ici,aquí,hier,εδώ,અહીં,यहाँ,hér,anseo,qui,šeit,čia,овде,येथे,यहाँ,her,دلته,اینجا,tutaj,aqui,aici,здесь,овде,මෙතන,tu,tukaj,aquí,här,тут,یہاں,yma
105,there,daar,atje,այնտեղ,সেখানে,tamo,там,allà,tamo,tam,der,daar,there,là-bas,alí,dort,εκεί,ત્યાં,वहाँ,þar,ann,là,tur,ten,таму,तेथे,त्यहाँ,der,هلته,آنجا,tam,lá,acolo,там,тамо,එතන,tam,tam,allí,där,там,وہاں,yno
106,where,waar,ku,որտեղ,কোথায়,gdje,където,on,gdje,kde,hvor,waar,where,où,ónde,wo,πού,જ્યાં,कहाँ,hvar,cá,dove,kur,kur,каде,कुठे,कहाँ,hvor,چیرته,کجا,gdzie,onde,unde,где,где,කොහේ ද,kde,kje,dónde,var,де,کہاں,lle
107,when,wanneer,kur,երբ,কখন,kada,кога,quan,kada,když,hvornår,wanneer,when,quand,cándo,Wenn,πότε,ક્યારે,जब,hvenær,cathain,quando,kad,kada,кога,कधी,कहिले,når,كله,کی,kiedy,quando,când,когда,када,කවදා ද,kedy,kdaj,cuándo,när,коли,کب,pryd
108,how,hoe,si,ինչպես,কিভাবে,kako,как,com,kako,jak,hvordan,hoe,how,comment,cómo,wie,πώς,કેવી રીતે,कैसे,hvernig,conas,come,kā,kaip,како,कसे,कसरी,hvordan,څنګه,چگونه,jak,como,cum,как,како,කොහොම ද,ako,kako,cómo,hur,як,کیسے,siwd
109,some,sommige,disa,մի քանի,কিছু,neki,някои,alguns,neki,nějaký,nogle,sommige,some,quelque,alguns,etwas,μερικοί,કેટલાક,कुछ,sumur,roinnt,alcuno,daži,kai kas,некои,काही,केही,noen,ځینې,چند,niektóre,algum,niște,несколько,неки,සමහර,nejaký,nekaj,unos,vissa,дещо,کچھ,rhai
110,few,paar,pak,քիչ,কিছু,nekoliko,малцина,poc,nekoliko,málo,få,weinig,few,peu,poucos,wenig,λίγοι,થોડા,कम,fár,cúpla,poco,maz,maža,неколку,थोडे,थोरै मात्र,få,لږ,کم,kilka,poucos,puțin,немного,неколико,අඩු,málo,malo,poco,få,небагато,چند,nemor
111,other,ander,të tjerët,այլ,অন্যান্য,ostalo,други,altres,drugo,jiný,andet,ander,other,autre,outro,ander,άλλος,અન્ય,अन्य,annar,eile,altro,cits,kitas,други,इतर,अन्य,annen,نور,دیگر,inny,outro,alte,другое,друго,අනිත්,iný,drug,otro,annan,інший,دوسرے,arall
112,three,drie,tre,երեք,তিন,tri,три,tres,tri,tři,tre,drie,three,trois,tres,drei,τρία,ત્રણ,तीन,þrír,trí,tre,trīs,trys,три,तीन,तीन,tre,درې,سه,trzy,três,trei,три,три,තුන,tri,tri,tres,tre,три,تین,tri
113,four,vier,katër,չորս,চার,četiri,четири,quatre,četiri,čtyři,fire,vier,four,quatre,catro,vier,τέσσερα,ચાર,चार,fjórir,ceathair,quattro,četri,keturi,четири,चार,चार,fire,څلور,چهار,cztery,quatro,patru,четыре,четири,හතර,štyri,štiri,cuatro,fyra,чотири,چار,pedwar
114,five,vyf,pesë,հինգ,পাঁচ,pet,пет,cinc,pet,pět,fem,vijf,five,cinq,cinco,fünf,πέντε,પાંચ,पंज,fimm,cúig,cinque,pieci,penki,пет,पाच,पाँच,fem,پنځه,پنج,pięć,cinco,cinci,пять,пет,පහ,päť,pet,cinco,fem,п'ять,پانچ,pump
115,wide,wye,i gjerë,լայն,প্রশস্ত,širok,широк,ample,širok,široký,bred,breed,wide,large,ancho,weit,πλατύς,પહોળું,चौड़ा,breiður,leathan,largo,plašs,platus,широк,रुंद,चौडाई,bred,پراخه,پهن,szeroki,amplo,larg,широкий,широк,පුළුල්,široký,širok,ancho,bred,широкий,چوڑا,llydan
116,thick (in thickness/depth),dik,i trashë,հաստ,মোটা,debeo,дебел,gruixut,debeo,tlustý,tyk,dik,thick,épais,groso,dick,πυκνός,જાડું,मोटा,þykkur,tiubh,spesso,biezs,storas,дебели,जाड,बाक्लो,tykk,پنډ,ضخیم,gruby,grosso,gros,толстый,дебео,ඝන,hrubý,debel,grueso,tjock,товстий,موٹا,braisg
117,heavy,swaar,i rëndë,ծանր,ভারী,težak,тежък,pesada,težak,těžký,tung,zwaar,heavy,lourd,pesado,schwer,βαρύς,ભારે,भारी,þungur,trom,pesante,smags,sunkus,тешки,जड,भारी,tung,دروند,سنگین,ciężki,pesado,greu,тяжелый,тежак,බර,ťažký,težek,pesado,tung,важкий,بھاری,trwm
118,short,kort,i shkurtër,կարճ,সংক্ষিপ্ত,kratak,къс,curt,kratak,krátký,kort,kort,short,court,curto,kurz,μικρός,ટૂંકું,कम,stuttur,gearr,corto,īss,trumpas,кратко,लहान,छोटो,kort,لنډ,کوتاه,krótki,curto,scurt,короткий,кратак,කෙටි,krátky,kratek,corto,kort,короткий,مختصر,byr
119,narrow,smal,i ngushtë,նեղ,সংকীর্ণ,uzak,тесен,estret,uzak,úzký,smal,nauw,narrow,étroit,estreito,eng,στενός,સાકડૂ,संकीर्ण,þröngur,caol,stretto,šaurs,siauras,тесен,अरुंद,साँघुरो,smal,تنګ,باریک,wąski,estreito,îngust,узкий,узак,පටු,úzky,ozek,angosto,smal,вузький,تنگ,cul
120,thin (in thickness/depth),dun,i hollë,բարակ,পাতলা,tanak,тънък,prim,tanak,tenký,tynd,dun,thin,mince,delgado,Dünn,λεπτός,પાતળું,पतला,þunnur,tanaí,sottile,tievs,plonas,тенок,पातळ,पातलो,tynn,نازک,نازک,chudy,fino,subţire,тонкий,танак,සිහින්,tenký,tanek,delgado,tunn,тонкий,پتلی,tenau
121,child,kind,fëmijë,երեխա,শিশু,dijete,дете,nen,dijete,dítě,barn,kind,child,enfant,neno,Kind,παιδί,બાળક,बच्चा,barn,leanbh,bambino,bērns,vaikas,дете,मूल,बच्चा,barn,ماشوم,کودک,dziecko,criança,copil,ребенок,дете,ළමය,dieťa,otrok,niño,barn,дитина,بچہ,plentyn
122,wife,vrou,bashkëshorte,կին,স্ত্রী,supruga,съпруга,dona,žena,manželka,kone,vrouw,wife,épouse,esposa,Frau,γυναίκα,પત્ની,पत्नी,eiginkona,bean chéile,moglie,sieva,žmona,сопруга,पत्नी,श्रीमती,kone,ښځه,زن,żona,esposa,soție,жена,жена,බිරිඳ,manželka,žena,esposa,fru,дружина,بیوی,gwraig
123,husband,man,bashkëshort,ամուսին,স্বামী,suprug,съпруг,marit,suprug,manžel,mand,echtgenoot,husband,mari,marido,Mann,σύζυγος,પતિ,पति,eiginmaður,fear céile,marito,vīrs,vyras,сопруг,पती,श्रीमान,ektemann,خاوند,شوهر,mąż,esposo,soț,муж,муж,ස්වාමි පුරුෂයා,manžel,mož,esposo,man,чоловік,شوہر,gwr
124,mother,ma,nënë,մայրիկ,মা,majka,майка,mare,majka,matka,mor,moeder,mother,mère,nai,Mutter,μητέρα,માતા,मां,móðir,máthair,madre,māte,motina,мајка,आई,आमा,mor,مور,مادر,matka,mãe,mamă,мать,мајка,මව,matka,mati,madre,mor,мати,ماں,mam
125,father,pa,baba,հայրիկ,পিতা,otac,баща,pare,otac,otec,far,vader,father,père,pai,Vater,πατέρας,પિતા,पिता जी,faðir,athair,padre,tēvs,tėvas,татко,वडील,बुबा,far,پلار,پدر,ojciec,pai,tată,отец,отац,තාත්තා,otec,oče,padre,far,батько,باپ,tad
126,animal,dier,kafshë,կենդանի,পশু,životinja,животно,animal,životinja,zvíře,dyr,dier,animal,animal,animal,Tier,ζώο,પ્રાણી,जानवर,dýr,ainmhí,animale,dzīvnieks,gyvūnas,животно,प्राणी,पशु,dyr,څاروی,حیوان,zwierzę,animal,animal,животное,животиња,සත්තු,zviera,žival,animal,djur,тварина,جانور,anifail
127,snake,slang,gjarpër,օձ,সাপ,zmija,змия,serp,zmija,had,slange,slang,snake,serpent,serpe,Schlange,φίδι,સાપ,साँप,snákur,nathair,serpente,čūska,gyvatė,змија,साप,सर्प,slange,مار,مار,wąż,cobra,şarpe,змея,змија,සර්පයා,had,kača,serpiente,orm,змія,سانپ,neidr
128,worm,wurm,krimb,որդ,কীট,crv,червей,cuc,crv,červ,orm,worm,worm,ver de terre,verme,Wurm,σκουλήκι,કૃમિ,कीड़ा,ormur,péist,verme,kukaiņi,kirminas,црв,जंत,कीरा,mark,چینجی,کرم,robak,minhoca,vierme,червь,црв,පණුවා,červ,črv,gusano,mask,хробак,کیڑا,mwydyn
129,stick,hou,shkop,ճյուղ,লাঠি,štap,пръчка,pal,štap,větev,pind,stok,stick,branche,pau,Stock,ραβδί,લાકડી,छड़ी,stafur,bata,bastone,zars,lazda,стапче,काठी,लट्ठी,pinne,لرګی,چوب,kij,vara,băț,палка,штап,රිකිල්ල,palica,palica,vara,pinne,палка,چھڑی,ffon
130,fruit,vrugte,frutë,միրգ,ফল,voće,плод,fruita,voće,ovoce,frugt,fruit,fruit,fruit,froita,Frucht,φρούτο,ફળ,फल,ávöxtur,torthaí,frutta,augļi,vaisius,овошје,फळ,फलफूल,frukt,میوه,میوه,owoc,fruto,fructe,фрукт,воће,පලතුරු,ovocie,sadje,fruta,frukt,фрукти,پھل,ffrwyth
131,flower,blom,lule,ծաղիկ,ফুল,cvijet,цвете,flor,cvijet,květ,blomst,bloem,flower,fleur,flor,Blume,λουλούδι,ફૂલ,फूल,blóm,bláth,fiore,zieds,gėlė,цвеќе,फूल,फूल,blomst,ګل,گل,kwiat,flor,floare,цветок,цвет,මල,kvet,cvet,flor,blomma,квітка,پھول,blodeuyn
132,grass,gras,bar,խոտ,ঘাস,trava,трева,herba,trava,tráva,græs,gras,grass,gazon,herba,Gras,χορτάρι,ઘાસ,घास,gras,féar,erba,zāle,žolė,трева,गवत,घाँस,gress,چمن,چمن,trawka,relva,iarbă,трава,трава,තණ කොළ,tráva,trava,hierba,gräs,трава,گھاس,gwair
133,rope,tou,litar,պարան,দড়ি,uže,въже,corda,uže,lano,reb,touw,rope,corde,corda,Seil,σκοινί,દોરડું,रस्सी,reipi,téad,corda,aukla,virvė,јаже,दोरी,डोरी,tau,رسۍ,طناب,lina,corda,frânghie,веревка,конопац,කඹය,lano,vrv,cuerda,rep,мотузка,رسی,rhaff
134,leg,been,këmbë,ոտք,পা,noga,крак,cama,noga,noha,ben,been,leg,jambe,perna,Bein,πόδι,પગ,टांग,fótur,cos,gamba,kāja,koja,нога,पाय,खुट्टा,bein,پښه,ساق پا,noga,perna,picior,нога,нога,කකුල,noha,noga,pierna,ben,нога,ٹانگ,coes
135,guts (intestine),ingewande,zorrët,փորոտիք,নাড়িভুঁড়ি,crijeva,черва,budells,crijeva,vnitřnosti,indvolde,ingewanden,guts,entrailles,tripas,Eingeweide,εντόσθια,આંતરડા,हिम्मत,þarmur,inní,viscere,iekšas,žarna,црева,आतडे,हिम्मत,tarm,کولمه,دل و روده,wnętrzności,intestinos,mațe,кишки,утроба,බඩවැල්,vnútornosti,črevesje,intestino,tarmar,кишки,اندرونی اعضاء,coluddyn
136,back,terug,mbrapa,հետև,পেছন,leđa,обратно,esquena,leđa,vzadu,tilbage,rug,back,arrière,atrás,zurück,πίσω,પાછા,वापस,bak,ar ais,indietro,aiz,atgal,назад,परत,पछाडी,tilbake,شاته,پشت,za,costas,înapoi,зад,назад,පිටිපස,späť,nazaj,espalda,tillbaka,назад,پیچھے,yn ol
137,suck,suig,thith,ծծել,চুষা,sisati,смучат,xuclar,sisati,sát,suge,zuigen,suck,sucer,chupar,saugen,ρουφώ,ચૂસવું,चूसना,sjúga,diúl,succhiare,sūkt,čiulpti,цица,चोखणे,चुस्नु,suge,چوشل,مکیدن,ssać,sugar,a suge,сосать,сисати,උරා ගන්නවා,vysať,srkati,chupar,suga,смоктати,چوسنا,sugno
138,spit,spoeg,pështyj,թքել,থুতু,pljunuti,плюе,escopir,pljunuti,plivat,spytte,spit,spit,cracher,cuspir,Spucke,σούβλα,થૂંકવું,थूकना,spýta,caith,sputare,spļaut,spjaudytis,плукаат,थुंकणे,थुक्नु,spytte,توکول,تف انداختن,pluć,cuspir,a scuipa,плевать,пљунути,කටින් ඉවතට දානවා,pľuť,pljuniti,escupir,spotta,плювати,تھوکنا,poeri
139,vomit,braaksel,vjell,փսխել,বমি,povraćati,повръщане,vomitar,povraćati,zvracet,kaste op,braaksel,vomit,vomir,vomitar,sich erbrechen,κάνω εμετό,ઉલટી,उल्टी करना,æla,sceith,vomitare,vemt,vemti,повраќање,उलट्या,उल्टी गर्नु,kaste opp,کانګې,قی کردن,wymiociny,vomitar,a voma,рвота,повраћати,වමනය කරනවා,vracať,bruhati,vomitar,spy,блювати,قے,chwydu
140,blow,blaas,fryj,քամի փչել,ঘা,puhati,удар,bufar,puhati,foukat,blæse,blazen,blow,venteux,soplar,Schlag,πλήγμα,ફટકો,हवा भरना,blása,séid,soffiare,pūst,pūsti,удар,फुंकणे,हावाहुरी,blåse,پوکول,فوت کردن,wietrzyć,soprar,a sufla,дуть,дувати,හුළං හමනවා,fúkať,pihati,soplar,blåsa,удар,پھونک مارنا,chwythu
141,breathe,asem,merr frymë,շնչել,শ্বাস ফেলা,disati,дишам,respirar,disati,dýchat,trække vejret,ademen,breathe,respirer,respirar,atmen,αναπνέω,શ્વાસ લો,सांस लेना,anda,análaigh,respirare,elpot,kvėpuoti,дише,श्वास घेणे,साँस लिनु,puste,تنفس کول,نفس کشیدن,oddychać,respirar,a respira,дышать,дисати,හුස්ම ගන්නවා,dýchať,dihati,respirar,andas,дихати,سانس لینا,anadlu
142,laugh,lag,qesh,ծիծաղել,হাসি,smijeti,смейте се,riure,smijeti,smát se,grine,lachen,laugh,rire,rir,lachen,γέλιο,હસવું,हँसना,hlátur,gáire,ridere,smieties,juoktis,смеј се,हसणे,हाँस्नु,le,خندا,خندیدن,śmiać się,rir,a rade,смеяться,смејати се,හිනා වෙනවා,smiať sa,smejati se,reír,skratta,сміятися,ہنسنا,chwerthin
143,think,dink,mendoj,մտածել,ভাবা,misliti,мисля,pensar,razmišljati,myslet si,tænke,denken,think,penser,pensar,denken,νομίζω,વિચારો,सोचना,hugsa,síl,pensare,domāt,galvoti,размислете,विचार,सोच्नु,tenke,فکر کول,فکر کردن,myśleć,pensar,a gândi,думать,мислити,සිතනවා,myslieť si,pomisliti,pensar,tänka,думати,سوچنا,meddwl
144,smell,reuk,nuhat,հոտ զգալ,গন্ধ গ্রহণ করা,miris,мирис,olor,mirisati,čichnout,lugte,geur,smell,sentir,cheirar,riechen,μυρίζω,ગંધ,महकना,lykt,boladh,sentire,saost,kvepėti,мирис,वास,गन्ध,lukte,بوی,بوییدن,zapach,cheirar,a miros,нюхать,мирисати,සුවඳ බලනවා,cítiť,dišati,oler,lukta,запах,سونگهنا,arogli
145,fear,bang,druaj,վախենալ,ভয়,strah,страх,témer,strašiti,bát se,frygte,angst,fear,avoir peur,ter medo,Furcht,φοβάμαι,ભય,डरना,ótti,eagla,paura,baidīties,bijoti,страв,भीती,डर,frykte,بېره,ترسیدن,strach,temer,a frica,бояться,плашити,බය දැනෙනවා,báť sa,bojiti se,miedo,frukta,страх,خوف,ofni
146,live,lewe,jetoj,ապրել,জীবনযাপন করা,živjeti,на живо,viure,živjeti,žít,live,live,live,vivre,vivir,Leben,ζω,જીવંત,जीवन का आनन्द लेना,lifa,mair,abitare,dzīve,gyventi,во живо,राहतात,जिवन,bo,ژوند,زندگی کردن,życie,viver,a trăi,жить,живот,ජීවත් වෙනවා,žiť,življenje,vivir,leva,жити,زندہ,byw
147,fight,veg,luftoj,կռվել,যুদ্ধ,boriti se,битка,lluitar,boriti se,prát se,kæmpe,gevecht,fight,lutter,loitar,kämpfen,παλεύω,લડાઈ,लड़ाई करना,barátta,troid,combattere,kauties,kovoti,борба,लढा,लडाई,slåss,جګړه,مبارزه کردن,walczyć,lutar,a lupta,бороться,борити се,ගහ ගන්නවා,bojovať,boriti se,pelear,bekämpa,боротися,لڑنا,cwffio
148,hunt,jag,gjuaj,որսալ,শিকার করা,loviti,ловувам,caçar,loviti,lovit,jage,jacht,hunt,chasser,cazar,jagen,κυνηγώ,શિકાર,शिकार करना,veiða,fiach,cacciare,medīt,medžioti,ловат,शिकार,शिकार,jakt,ښکار,شکار کردن,polowanie,caçar,a vâna,охотиться,ловити,දඩයම් කිරීම,loviť,loviti,cazar,jaga,полювати,شکار,hela
149,hit,getref,godit,խփել,আঘাত,udariti,удари,colpejar,pogoditi,udeřit,slå,hit,hit,frapper,bater,schlagen,χτυπάω,ફટકો,मारना,lemja,buail,colpire,sist,pataikyti,удри,दाबा,पिट्नु,slå,وهل,اصابت کردن,uderzyć,bater,a lovi,бить,ударити,ගන්නවා,zasiahnuť,zadeti,pegar,slå,бити,مارو,bwrw
150,cut,knip,pres,կտրել,কাটা,rezati,разрез,tallar,izrezati,krájet,skære,snee,cut,couper,cortar,schnitten,κόβω,કાપવું,कटना,skera,gearr,tagliare,griezt,supjaustyti,сече,कट,काट्नु,skjære,پرې کول,قطع کردن,ciąć,cortar,a tăia,резать,сећи,කපනවා,rezať,rezati,cortar,skära,різати,کاٹنا,cwtogi
151,split,verdeel,ndaj,մասնատել,বিভক্ত,podijeliti,разделят,dividir,podijeliti,rozdělit,splitte,splitsen,split,diviser,partir,spalten,σπάζω,વિભાજન,विभाजित करना,skipta,scoilt,separare,ieplīst,perskeltis,подели,विभाजन,विभाजन गर्नु,dele,وېشل,شکافتن,rozdzielać,rachar,a diviza,колоть,делити,පැලෙනවා,rozdeliť,razdeliti,rajarse,dela,розколоти,تقسیم,hollti
152,stab,steek,godas,հարվածել,ছুরিকাঘাত,ubosti,удара,apunyalar,ubosti,bodnout,stikke,steken,stab,poignarder,apuñalar,stechen,μαχαιρώνω,છરા,भोंकना,stinga,sáigh,pungere,šņākt,durti,прободе,भोसकणे,छुरा प्रहार,stikke,سوري کول,خنجر زدن,dźgnąć,esfaquear,a înjunghia,бить,избости,අනිනවා,bodnúť,zabosti,apuñalar,sticka,колоти,وار,brathu
153,scratch,krap,gërvisht,քորել,আঁচড়,češati,надраскване,rascar,ogrepsti,poškrábat,kradse,schram,scratch,attraper,rascar,kratzen,γρατζουνάω,શરૂઆતથી,खरोंचना,klóra,scread,graffiare,ķert,subraižyti,гребење,स्क्रॅच,कोट्याउनु,ripe,ګيرول,خراندن,podrapać,arranhar,a zgârieturi,царапать,огребати,අල්ලා ගන්නවා,škriabať sa,prasniti,rascar,skrapa,подряпина,خروںچ,crafu
154,dig,grawe,gërmoj,փորել,খনন করা,kopati,копай,cavar,kopati,kopat,grave,graven,dig,creuser,cavar,graben,σκάβω,ખોદવું,गड्ढा करना,grafa,tochail,scavare,rakt,kasti,копаат,खोदणे,खन्नु,grave,کیندل,حفر کردن,kopać,escavar,a săpa,копать,копати,හාරනවා,kopať,kopati,cavar,gräva,копати,کھودنا,cloddio
155,turn,draai,rrotulloj,պտտվել,বাঁক,skrenuti,завъртете,girar,skrenuti,otočit,dreje,draai,turn,tourner,quenda,wenden,στρέφω,વળાંક,मुड़ना,snúa,cas,girare,pagriezt,pasukti,врти,वळण,घुमाउनु,svinge,ګرځول,چرخیدن,skręcać,virar,a întoarce,поворачивать,скренути,හැරෙනවා,otočiť,obrniti,girar,svänga,поворот,موڑ,troi
156,fall (drop),val,bie,ընկնել,পড়া,pasti,падне,caure,pasti,spadnout,falde,val,fall,tomber,caer,fallen,πέφτω,પડવું,गिरना,detta,tit,cadere,krist,kristi,падне,पडणे,झर्नु,falle,لوېدل,سقوط کردن,upaść,cair,cădea,падать,пасти,බිංදුව,spadnúť,pasti,caer,falla,падати,گرنا,disgyn
157,hold,hou,mbaj,պահել,ধরা,držati,предприеме,prendre,držati,držet,tage,nemen,hold,prendre,tomar,nehmen,παίρνω,લો,लेना,taka,coinnigh,prendere,ņemt,laikyti,држи,घेणे,समाउनु,holde,واخله,در دست داشتن,brać,levar,a lua,брать,узети,ගන්නවා,držať,vzeti,tomar,hålla,тримати,پکڑ نا,cymryd
158,squeeze,druk,shtrydh,ճզմել,চিপা করা,stisnuti,стиснете,apretar,iscijediti,stisknout,presse,knijpen,squeeze,presser,apertar,quetschen,ζουλάω,સ્વીઝ,निचोड़ना,kreista,fáisceadh,spremere,spiest,suspausti,стиска,पिळणे,निचोड,klemme,پچقول,فشار دادن,ściskać,apertar,a stoarce,сжимать,стиснути,පොර බඳිනවා,stlačiť,stisniti,estrujar,klämma,стиснути,نچوڑنا,gwasgu
159,rub,vryf,fshij,սրբել,ঘষা,trljati,търкайте,fregar,trljati,třít,gnide,wrijven,rub,frotter,fregar,reiben,τρίβω,ઘસવું,रगड़ना,nudda,chuimil,strofinare,berzt,trinti,тријте,घासणे,घिसाउनु,gni,سولول,مالیدن,pocierać,esfregar,a freca,тереть,обрисати,අතුල්ලනවා,trieť,drgniti,frotar,gnugga,витирати,رگڑنا,rhwbio
160,wash,was,laj,լվացել,ধোয়া,prati,мия,rentar,prati,umýt,vaske,wassen,wash,laver,lavar,waschen,πλύνω,ધોવું,धोना,þvo,nigh,lavare,mazgāt,plauti,мие,धुणे,धुनु,vaske,وینځل,شستن,myć się,lavar,a se spala,стирать,опрати,හෝදනවා,umyť,umiti,lavar,tvätta,мити,دھونا,golchi
161,defecate,ontlas,defektoj,կեղտոտել,মলত্যাগ,srati,дефекация,defecar,srati,vykálet se,defækere,poepen,defecate,se soulager,defecar,koten,αφοδεύω,શૌચ,मलत्याग करना,kúka,fág,defecare,izkārnīties,tuštintis,врши нужда,शौचास,शौच,gjøre avføring,خارښ,مدفوع خارج کردن,oczyścić,defecar,a defeca,испражняться,вршити нужду,මලපහ කරනවා,vyprázdniť sa,kakati,defecar,bajsar,випорожнюватися,پاخانہ,cachu
162,pull,trek,tërheq,քաշել,টান,vući,дръпнете,estirar,vući,táhnout,trække,trekken,pull,tirer,tirar,ziehen,τραβάω,ખેંચો,खींचना,draga,tarraing,tirare,vilkt,traukti,повлечете,ओढणे,तान्ने,dra,کشول,کشیدن,ciągnąć,puxar,a trage,тянуть,повући,අදිනවා,ťahať,uleči,tirar,dra,тягнути,کھینچنا,tynnu
163,push,stoot,shtyj,հրել,ধাক্কা,gurati,натискам,empènyer,gurnuti,tlačit,skubbe,duw,push,pousser,empurrar,drücken,σπρώχνω,દબાણ,बाहर निकालना,ýta,brúigh,spingere,grūst,stumti,туркање,ढकलणे,धकेल्ने,dytte,ټیله کول,فشار دادن,naciskać,empurrar,a împinge,толкать,гурати,තල්ලු කරනවා,tlaciť,riniti,empujar,trycka,штовхати,دھکیلنا,gwthio
164,throw,gooi,hedh,նետել,নিক্ষেপ,baciti,хвърлям,llançar,bacati,házet,kaste,gooi,throw,jeter,lanzar,werfen,ρίχνω,ફેંકવું,फेंकना,kasta,caith,gettare,mest,mesti,фрли,फेकणे,फ्यांक्नु,kaste,اچول,پرتاب كردن,rzucić,jogar,a arunca,бросать,бацити,විසි කරනවා,hodiť,vreči,tirar,kasta,кидати,پھینکنا,ergydio
165,tie,bind,lidh,կապել,বন্ধন করা,vezati,връзвам,lligar,vezati,vázat,binde,binden,tie,nouer,gravata,binden,δένω,બાંધવું,बाँधना,binda,ceangail,legare,sasiet,rišti,вратоврска,बांधणे,बाध्नु,knyte,تړل,گره زدن,związać,amarrar,a lega,связывать,везати,ගැටලනවා,viazať,kravata,anudar,knyta,краватка,باندهنا,clymu
166,sew,naaldwerk,qep,կարել,সেলাই,šiti,шият,cosir,sašiti,šít,sy,naaien,sew,coudre,coser,nähen,ράβω,સીવવું,सिलना,sauma,fuaigh,cucire,šūt,siūti,шие,शिवणे,सिलाई,sy,ګنډل,دوختن,szyć,costurar,a coase,шить,шивати,මහනවා,šiť,šivati,coser,sy,шити,سلائی,gwnio
167,count,tel,numëroj,հաշվել,গণনা,brojati,броя,comptar,računati,počítat,tælle,graaf,count,compter,contar,zahlen,μετρώ,ગણતરી,गिनना,telja,comhair,contare,skaitīt,skaičiuoti,брои,मोजणे,गणना गर्नु,telle,شمیرل,شمردن,liczyć,contar,a număra,считать,бројати,ගණන් කරනවා,počítať,šteti,contar,räkna,рахувати,گنتی,rhifo
168,sing,sing,këndoj,երգել,গাওয়া,pjevati,пеят,cantar,pjevati,zpívat,synge,zingen,sing,chanter,cantar,singen,τραγουδώ,ગાઓ,गाना,syngja,can,cantare,dziedāt,dainuoti,пее,गाणे,गाउनु,synge,سندرې ویل,آواز خواندن,śpiewać,cantar,a cânta,петь,певати,ගායනා කරනවා,spievať,peti,cantar,sjunga,співати,گانا,canu
169,play,speel,luaj,խաղալ,খেলা,igrati,играй,jugar,igrati,hrát,spille,speel,play,jouer,xogar,spielen,παίζω,રમ,खेलना,leika,imir,giocare,spēlēt,žaisti,играјте,खेळणे,खेल्नु,spille,لوبه,بازی کردن,bawić się,tocar,a juca,играть,играти,සෙල්ලම් කරනවා,hrať,igrati,jugar,spela,грати,کهیلنا,chwarae
170,float,dryf,pluskoj,լողալ,ভাসা,plutati,плува,flotar,plutati,plout,flyde,vlot,float,flotter,flotar,schweben,επιπλέω,ફ્લોટ,उतराना,fljóta,snámh,galleggiare,peldēt,plūduriuoti,плови,फ्लोट,तैरनु,flyte,پاشل,شناور شدن,unosić się,flutuar,a floa,плыть,плутати,පාවෙනවා,plávať,lebdeti,flotar,flyta,плавати,تیرنا,arnofio
171,flow,vloei,rrjedh,հոսել,প্রবাহ,teći,поток,fluir,teći,téct,flyde,stroom,flow,couler,fluir,flüssen,χύνομαι,પ્રવાહ,बहना,flæði,rith,fluire,tecēt,tekėti,проток,प्रवाह,प्रवाह,strømme,بهېدل,روان شدن,pływ,fluir,a curge,течь,протећи,ගලා යනවා,prúdiť,teči,fluir,rinna,потік,بہاؤ,dylifo
172,freeze,vries,ngrij,սառել,বরফে পরিণত করা,zamrznuti,замръзвам,congelar,zamrznuti,zmrazit,fryse,bevriezen,freeze,geler,xear,einfrieren,παγώνω,સ્થિર,जम जाना,frysta,reoigh,congelare,iesaldēt,šalti,замрзнува,फ्रीझ,जम्नु,fryse,کنګل,یخ بستن,zamrażać,congelar,a îngheţa,замораживать,замрзнути,කැටි කරනවා,zmraziť,zamrzniti,congelar,frysa,замерзнути,منجمد,fferru
173,swell,swel,bymehet,ուռչել,চিতান,nabubriti,набъбват,inflar,nabubriti,otéct,svulme,zwellen,swell,gonfler,inchar,anschwellen,πρήζομαι,ફૂલવું,सूजना,bólga,at,gonfiare,uzpampt,tinti,отече,फुगणे,फुल्नु,hovne opp,پړسول,متورم شدن,puchnąć,inchar,a umfla,зыбь,натећи,ඉදිමෙනවා,opuchnúť,zateči,hinchar,svälla,набухати,پھولنا,chwydoo
174,river,rivier,lumë,գետ,নদী,rijeka,река,riu,rijeka,řeka,flod,rivier,river,fleuve,río,Fluss,ποτάμι,નદી,नदी,á,abhainn,fiume,upe,upė,река,नदी,नदी,elv,سیند,رودخانه,rzeka,rio,râu,река,река,ගඟ,rieka,reka,río,flod,річка,دریا,afon
175,lake,meer,liqen,լիճ,হ্রদ,jezero,езеро,llac,jezero,jezero,sø,meer,lake,lac,lago,See,λίμνη,તળાવ,झील,vatn,loch,lago,ezers,ežeras,езеро,सरोवर,ताल,innsjø,جهيل,دریاچه,jezioro,lago,lac,озеро,језеро,විල,jazero,jezero,lago,sjö,озеро,جھیل,llyn
176,sea,see,det,ծով,সমুদ্র,more,море,mar,more,moře,hav,zee,sea,mer,mar,Meer,θάλασσα,સમુદ્ર,समुद्र,sjó,farraige,mare,jūra,jūra,морето,समुद्र,समुन्द्र,hav,سمندر,دریا,morze,mar,mare,море,море,මුහුද,more,morje,mar,hav,море,سمندر,môr
177,salt,sout,kripë,աղ,লবণ,so,сол,sal,sol,sůl,salt,zout,salt,sel,sal,Salz,αλάτι,મીઠું,नमक,salt,salann,sale,sāls,druska,сол,मीठ,नुन,salt,مالګه,نمک,sól,sal,sare,соль,со,ලුණු,soľ,sol,sal,salt,сіль,نمک,halen
178,dust,stof,pluhur,փոշի,ধুলো,prašina,прах,pols,prah,prach,støv,stof,dust,poussière,po,Staub,σκόνη,ધૂળ,धूल,ryk,deannach,polvere,putekļi,dulkės,прашина,धूळ,धूलो,støv,خاوره,گرد و خاک,pył,pó,praf,пыль,прашина,දුවිලි,prach,prah,polvo,damm,пил,دھول,llwch
179,fog,mis,mjegull,մառախուղ,কুয়াশা,magla,мъгла,boira,magla,mlha,tåge,mist,fog,brouillard,néboa,Nebel,ομίχλη,ધુમ્મસ,कोहरा,þoka,ceo,nebbia,migla,rūkas,магла,धुके,कुहिरो,tåke,ورګ,مه,mgła,névoa,ceaţă,туман,магла,මීදුම,hmla,megla,niebla,dimma,туман,دھند,niwl
180,day,dag,ditë,օր,দিন,dan,ден,dia,dan,den,dag,dag,day,journée,día,Tag,ημέρα,દિવસ,दिन,dagur,lá,giorno,diena,diena,ден,दिवस,दिन,dag,ورځ,روز,dzień,dia,zi,день,дан,දවස,deň,dan,día,dag,день,دن,dydd
181,sky,lug,qiell,երկինք,আকাশ,nebo,небето,cel,nebo,nebe,himmel,lucht,sky,ciel,ceo,Himmel,ουρανός,આકાશ,आकाश,himinn,spéir,cielo,debesis,dangus,небото,आकाश,आकाश,himmel,اسمان,آسمان,niebo,céu,cer,небо,небо,අහස,obloha,nebo,cielo,himmel,небо,آسمان,wybr
182,wind,wind,erë,քամի,বায়ু,vjetar,вятър,vent,vjetar,vítr,vind,wind,wind,vent,vento,Wind,άνεμος,પવન,हवा,vindur,gaoth,vento,vējš,vėjas,ветер,वारा,हावा,vind,باد,باد,wiatr,vento,vânt,ветер,ветар,සුළඟ,vietor,veter,viento,vind,вітер,ہوا,gwynt
183,snow,sneeu,borë,ձյուն,তুষার,snijeg,сняг,neu,snijeg,sníh,sne,sneeuw,snow,neige,neve,Schnee,χιόνι,બરફ,बर्फ,snjór,sneachta,neve,sniegs,sniegas,снег,बर्फ,हिउँ,snø,واوره,برف,śnieg,neve,zăpadă,снег,снег,හිම,sneh,sneg,nieve,snö,сніг,برف,eira
184,ice,ys,akull,սառույց,বরফ,led,лед,gel,led,led,is,ijs,ice,glace,xeo,Eis,πάγος,બરફ,बर्फ,ís,oighear,ghiaccio,ledus,ledas,мраз,बर्फ,बरफ,is,یخ,یخ,lód,gelo,gheaţă,лёд,лед,අයිස්,ľad,led,hielo,is,лід,برف,rhew
185,year,jaar,vit,տարի,বছর,godina,година,curs,godina,rok,år,jaar,year,année,ano,Jahr,έτος,વર્ષ,साल,ár,bliain,anno,gads,metai,година,वर्ष,वर्ष,år,کال,سال,rok,ano,an,год,година,අවුරුද්ද,rok,leto,año,år,рік,سال,blwydd
186,warm,warm,i ngrohtë,տաք,উষ্ণ,topao,топло,càlid,topao,teplý,varm,warm,warm,chaud,quente,warm,ζεστός,ગરમ,गरम,hlýr,te,comodo,silts,šiltas,топло,उबदार,न्यानो,varm,ګرم,گرم,ciepły,caloroso,cald,теплый,топло,උණුසුම්,teplý,topel,cálido,varm,теплий,گرم,cynnes
187,old (used),ou,i vjetër,հին,পুরাতন,star,стар,vell,star,starý,gammel,oud,old,ancien,vello,alt,παλαιός,જૂનું,पुराना,gamall,sean,vecchio,vecs,senas,стар,जुने,पुरानो,gammel,قدیمي,قدیمی,stary,velho,vechi,старый,стари,පැරණි,starý,star,desgastado,gammal,старий,پرانا,oesol
188,old (aged),ou,i vjetër,հին,বয়সী,star,стар,vell,star,starý,gammel,oud,old,vieux,vello,alt,ηλικιωμένος,વૃદ્ધ,पुराना,gamall,sean,vecchio,vecs,senas,стар,वृद्ध,वृद्ध,gammel,مسن,پیر,stary,idoso,vechi,старый,стари,පැරණි,starý,star,viejo,gammal,старий,پرانا,hen
189,bad,slegte,i keq,վատ,খারাপ,loš,лошо,mal,loše,špatný,dårlig,slecht,bad,mal,malo,Schlecht,κακός,ખરાબ,बुरा,slæmur,dona,cattivo,slikts,blogas,лошо,वाईट,नराम्रो,dårlig,بد,بد,zły,ruim,rău,плохой,лош,නරක,zlý,slab,malo,dålig,погано,برا,drwg
190,rotten,vrot,i kalbur,փտած,পচা,pokvaren,гнило,podrit,truo,shnilý,rådden,verrot,rotten,pourri,podre,verfault,σάπιος,સડેલું,सड़ा,rotinn,lofa,marcio,trūdēt,supuvęs,скапани,कुजलेला,सडेको,råtten,وروست,پوسیده,zgniły,podre,putred,гнилой,покварен,නරක් වෙලා,zhnitý,pokvarjen,podrido,rutten,гнилий,بوسیدہ,pwdr
191,dirty,vuil,i pistë,կեղտոտ,নোংরা,prljav,мръсен,brut,prljavo,špinavý,snavset,vies,dirty,sale,sucio,schmutzig,βρώμικος,ગંદા,गंदा,skítugur,salach,sporco,netīrs,purvinas,валкани,गलिच्छ,फोहोर,skitten,ناپاکه,کثیف,brudny,sujo,murdar,грязный,прљав,අපිරිසිදු,špinavý,umazan,sucio,smutsig,брудний,گندا,budr
192,straight,reguit,i drejt,ուղիղ,সোজা,prav,прав,recte,ravno,rovný,lige,rechtdoor,straight,droit,recto,gerade,ευθύς,સીધા,सीधा,beinn,díreach,dritto,taisns,tiesus,директно,सरळ,सिधा,rett,مستقیم,راست,prosty,direto,drept,прямой,раван,කෙලින්ම,rovno,naravnost,recto,rad,прямий,سیدھا,syth
193,fast,vinnig,i shpejtë,արագ,দ্রুত,brz,бърз,ràpid,brzo,rychlý,hurtig,snel,fast,vite,rápido,schnell,γρήγορος,ઝડપી,तेज,hraður,tapa,veloce,ātrs,greitas,брзо,जलद,छिट्टो,rask,چټک,سریع,szybki,rápido,rapid,быстрый,брз,ඉක්මනින්,rýchlo,hiter,rápido,snabb,швидкий,تیز,cyflym
194,sharp,skerp,i mprehtë,սուր,তীক্ষ্ণ,oštar,остър,agut,oštar,ostrý,skarp,scherp,sharp,tranchant,afiado,Scharf,αιχμηρός,તીક્ષ્ણ,तेज़,skarpur,géar,affilato,ass,aštrus,остар,तीक्ष्ण,तीक्ष्ण,skarp,تیز,تیز,ostry,afiado,ascuțit,острый,оштар,ඉඳිකටුව,ostrý,oster,afilado,skarp,гострий,تیز,miniog
195,smooth,gladde,i lëmuar,հարթ,মসৃণ,gladak,гладка,llis,gladak,hladký,glat,zacht,smooth,lisse,suave,glatt,λείος,સરળ,निर्बाध,sléttur,réidh,liscio,gluds,lygus,мазна,गुळगुळीत,चिल्लो,glatt,نرم,صاف,gładki,suave,neted,гладкий,гладак,පහසු,hladký,gladek,liso,slät,гладкий,ہموار,llyfn
196,wet,nat,i lagur,թաց,ভিজা,mokar,мокър,humit,mokar,mokrý,våd,nat,wet,humide,mollado,nass,βρεγμένος,ભીનું,गीला,blautur,fliuch,bagnato,slapjš,šlapias,влажни,ओले,भिजेको,våt,لوند,مرطوب,mokry,molhado,umed,влажный,мокар,තෙත,mokrý,moker,húmedo,våt,мокрий,گیلا,gwlyb
197,right (correct),regs,drejtë,ճիշտ,ঠিক,pravo,право,adequat,pravo,správný,ret,juiste,right,correct,correcto,richtig,σωστός,સાચો,सही,réttur,ceart,corretto,pareizs,teisingas,точно,बरोबर,सही,riktig,سمه ده,درست,prawidłowy,certo,drept,правильно,прави,නිවැරදි,správny,prav,correcto,rätt,правильно,صحیح,iawn
198,near,naby,afër,մոտ,কাছাকাছি,blizak,близо до,prop,blizu,blízko,nær ved,dichtbij,near,près,cerca,nah,κοντά,નજીક,पास में,nálægur,in aice,vicino,tuvs,artimas,во близина,जवळ,नजिकै,nær,نږدې,نزدیک,blisko,perto,aproape,близко,близу,ළඟ,blízko,blizu,cerca,nära,біля,قریب,yn ymyl
199,far,ver,larg,հեռու,দূর,daleko,далеч,lluny,daleko,daleko,langt fra,ver,far,loin,lonxe,weit,μακριά,દૂર,दूर,langur,i bhfad,lontano,tāls,tolimas,далеку,दूर,टाढा,lang,لرې,دور,daleko,distante,departe,далеко,далеко,දුරින්,ďaleko,daleč,lejos,bort,далеко,دور,pell
200,right (of direction),regs,djathtas,աջ,ডান,desno,десен,dreta,desno,vpravo,højre,recht,right,droite,dereita,Rechts,δεξιά,જમણું,दाया,hægri,deas,destra,labais,dešinė,десно,उजवीकडे,दायाँ,riktig,راست,راست,prawidłowy,direita,dreapta,право,десно,අයිතිය,vpravo,desni,derecha,höger,правильно,صحیح,iawn
201,left (of direction),links,majtas,ձախ,বাম,lijevo,наляво,esquerra,lijevo,vlevo,venstre,links,left,gauche,esquerda,links,αριστερά,બાકી,बायाँ,vinstri,clé,sinistra,kreisais,kairė,лево,बाकी,बायाँ,venstre,چپ,چپ,lewy,esquerda,stânga,лево,лево,වම්,vľavo,levi,izquierda,vänster,ліворуч,بائیں,chwith
202,at,by,në,–ում,এ,kod,в,a les,na,na,på,bij,at,à,no,bei,σε,ખાતે,पर,á,ag,a,plkst,adresu,на,येथे,मा,at,په,در,w,no,la,в,у,දී,pri,pri,en,på,на,پر,yn
203,in,in,në,մեջ,ভিতর,u,в,en,u,v,i,in,in,dans,en,in,μέσα σε,માં,में,inni í,i,in,iekšā,in,во,मध्ये,मा,i,په منځ کی,در,w,dentro,în,в,унутра,තුල,v,notri,en,i,в,میں,mewn
204,and,en,dhe,և,এবং,i,и,i,i,a,og,en,and,et,e,und,και,અને,और,og,agus,e,un,ir,и,आणि,र,og,او,و,oraz,e,și,и,и,හා,a,in,y,och,і,اور,a
205,if,as,nëse,եթե,যদি,ako,ако,si,ako,kdyby,hvis,indien,if,si,se,Wenn,αν,જો,अगर,ef,dá,se,ja,jeigu,ако,तर,यदि,hvis,کچیري,اگر,jeśli,se,dacă,если,ако,නම්,ak,če,si,om,якщо,اگر,os
206,because,omdat,sepse,քանի որ,কারণ,jer,защото,perquè,jer,protože,fordi,omdat,because,parce que,porque,da,επειδή,કારણ કે,क्योंकि,vegna þess,mar,perché,jo,nes,бидејќи,कारण,किनभने,fordi,ځکه,زیرا,ponieważ,porque,deoarece,так как,јер,නිසා,pretože,ker,porque,därför att,оскільки,کیونکہ,o achos
207,soil,grond,dhe,հող,মাটি,tlo,почва,sòl,tlo,půda,jord,bodem,soil,sol,chan,Boden,έδαφος,માટી,मिट्टी,jarðvegur,ithir,suolo,zeme,dirva,почва,माती,माटो,jord,خاوره,خاک,gleba,solo,sol,почва,тло,පස,pôda,prst,suelo,jord,ґрунт,مٹی,pridd
208,elder brother,ouer broer,vëlla i madh,երեց եղբայր,বড় ভাই,stariji brat,по-голям брат,germà gran,stariji brat,starší bratr,ældre bror,oudere broer,elder brother,grand frère,irmán maior,älterer Bruder,μεγαλύτερος αδελφός,મોટો ભાઈ,बड़ा भाई,eldri bróðir,deartháir is sine,fratello maggiore,vecais brālis,vyresnysis brolis,постар брат,मोठा भाऊ,जेठो भाइ,eldre bror,مشر ورور,برادر بزرگ,starszy brat,irmão mais velho,frate mai mare,старший брат,старији брат,වැඩිමහල් සහෝදරයා,starší brat,starejši brat,hermano mayor,äldre bror,старший брат,بڑے بھائی,hen frawd
209,elder sister,ouer suster,motër e madhe,երեց քույր,বড় বোন,starija sestra,по-голяма сестра,germana gran,starija sestra,starší sestra,ældre søster,oude zus,elder sister,grande sœur,irmá maior,ältere Schwester,μεγαλύτερη αδελφή,મોટી બહેન,दीदी,eldri systir,deirfiúr is sine,sorella maggiore,vecākā māsa,vyresnioji sesuo,постара сестра,मोठी बहीण,जेठी बहिनी,eldre søster,مشره خور,خواهر بزرگ,starsza siostra,irmã mais velha,sora mai mare,старшая сестра,старија сестра,වැඩිමහල් සහෝදරිය,staršia sestra,starejša sestra,hermana mayor,äldre syster,старша сестра,بڑی بہن,hen chwaer
210,younger brother,jong broer,vëlla i vogël,կրտսեր եղբայր,ছোট ভাই,mlađi brat,малък брат,germà jove,mlađi brat,mladší bratr,lillebror,jongere broer,younger brother,petit frère,irmán menor,junger Bruder,μικρός αδερφός,નાનો ભાઈ,छोटा भाई,yngri bróðir,deartháir níos óige,fratello minore,jaunākais brālis,jaunesnysis brolis,помлад брат,लहान भाऊ,कान्छो भाइ,lillebror,ځوان ورور,برادر کوچک,młodszy brat,irmão mais novo,frate mai mic,младший брат,млађи брат,බාල සහෝදරයා,mladý brat,mladi brat,hermano menor,yngre bror,молодший брат,چھوٹا بھائی,brawd ifanc
211,younger sister,jong suster,motër e vogël,կրտսեր քույր,ছোট বোন,mlađa sestra,млада сестра,germana jove,mlađa sestra,mladší sestra,lillesøster,jongere zus,younger sister,petite soeur,irmá menor,junge Schwester,μικρή αδερφή,નાની બહેન,छोटी बहन,yngri systir,deirfiúr óg,sorrella minore,jaunākā māsa,jaunesnioji sesuo,помлада сестра,धाकटी बहीण,कान्छी बहिनी,lillesøster,ځوانه خور,خواهر کوچک,młodsza siostra,irmã mais nova,sora tânără,младшая сестра,млађа сестра,බාල සහෝදරිය,mladá sestra,mlada sestra,hermana menor,yngre syster,молодша сестра,چھوٹی بہن,chwaer ifanc
212,daughter,dauther,bijë,դուստր,কন্যা,kćer,дъщеря,filla,kći,dcera,datter,dochter,daughter,fille,filla,Tochter,κόρη,પુત્રી,बेटी,dóttur,iníon,figlia,meita,dukra,ќерка,मुलगी,छोरी,datter,لور,دختر,córka,filha,fiica,дочь,кћерка,දුව,dcéra,hčerka,hija,dotter,дочка,بیٹی,merch
213,son,seun,bir,որդի,পুত্র,sin,син,fill,sin,syn,søn,zoon,son,fils,fillo,Sohn,γιός,પુત્ર,बेटा,sonur,mac,figlio,dēls,sūnus,син,मुलगा,छोरा,sønn,زوی,پسر,syn,filho,fiul,сын,син,පුතා,syn,sin,hijo,son,син,بیٹا,mab
214,uncle,oom,xhaxha,հորեղբայր,চাচা,dajdža,чичо,oncle,ujak,strýc,onkel,oom,uncle,oncle,tío,Onkel,θείος,કાકા,चाचा,frændi,uncail,zio,tēvocis,dėdė,вујко,काका,काका,onkel,تره,عمو,wujek,tio,unchiul,дядя,ујак,මාමා,strýko,stric,tío,farbror,дядько,چچا,ewythr
215,grandfather,oupa,gjysh,պապիկ,দাদা,đed,дядо,avi,djed,dědeček,bedstefar,opa,grandfather,grand-père,avó,Großvater,παππούς,દાદા,दादा,afi,seanathair,nonno,vectēvs,senelis,дедо,आजोबा,हजुरबुवा,farfar,نیکه,پدر بزرگ,dziadek,avô,bunicul,дедушка,деда,සීයා,starý otec,dedek,abuelo,farfar,дідусь,دادا,taid
216,grandmother,ouma,gjyshe,տատիկ,দাদী,baka,баба,àvia,baka,babička,bedstemor,oma,grandmother,grand-mère,avoa,Oma,γιαγιά,દાદી,दादी,ömmu,seanmháthair,nonna,vecmāte,močiutė,баба,आजी,हजुरआमा,bestemor,نیا,مادر بزرگ,babcia,avó,bunica,бабушка,бака,ආච්චි,stará mama,babica,abuela,mormor,бабуся,دادی,nain
217,grandson,kleinseun,nip,թոռնիկ,নাতি,unuk,внук,nét,unuk,vnuk,sønnesøn,kleinzoon,grandson,petit fils,neto,Enkel,εγγονός,પૌત્ર,पोता,barnabarn,garmhac,nipote,mazdēls,anūkas,внук,नातू,नातिनी,barnebarn,لمسی,نوه پسر,wnuk,neto,nepotul,внук,унук,මුණුපුරා,vnuk,vnuk,nieto,barnbarn,онук,پوتا,wyr
218,high,hoë,i lartë,բարձր,উচ্চ,visoko,високо,alt,visok,vysoký,høj,hoog,high,haut,alto,hoch,υψηλός,ઉચ્ચ,ऊँचा,hár,ard,alto,augsts,aukštas,високо,उच्च,उच्च,høy,لوړ,بلند,wysoki,alto,înalt,высокий,висок,උස,vysoký,visok,alto,hög,високий,اونچا,uchel
219,low,lae,i ulët,ցածր,কম,nizak,ниско,baix,nisko,nízký,lav,laag,low,bas,baixo,niedrig,χαμηλός,નીચું,नीच,lágur,íseal,basso,zems,žemas,низок,कमी,कम,lav,ټیټ,کوتاه,niski,baixo,scăzut,низкий,низак,කොට,nízky,nizk,bajo,låg,низький,نیچا,isel
220,slow,stadige,i ngadalshëm,դանդաղ,ধীর,spor,бавен,lent,usporiti,pomalý,langsom,traag,slow,lent,lento,langsam,αργός,ધીમું,धीमा,hægur,mall,lento,lēns,lėtas,бавно,मंद,बिस्तारै,sakte,ورو,آهسته,powolny,lento,încet,медленный,спор,හෙමින්,pomalý,počasi,lento,långsam,повільно,آهسته,araf
221,deep,diep,i thellë,խորը,গভীর,dubok,дълбок,profunda,duboko,hluboký,dyb,diep,deep,profond,profundo,tief,βαθύς,ઊંડા,गहरा,djúpur,domhain,profondo,dziļš,gilus,длабоко,खोल,गहिरो,dyp,ژور,عمیق,głęboki,profundo,adânc,глубокий,дубок,ගැඹුරු,hlboký,globok,profundo,djup,глибоко,گہرا,dwfn
222,shallow (not deep),vlak,i cekët,ծանծաղ,অগভীর,plitak,плитък,superficial,plitak,nehluboký,lav,ondiep,shallow,peu profond,pouco profundo,seicht,ρηχός,છીછરું,उथला,grunnur,éadomhain,superficiale,sekls,negilus,плитко,उथळ,उथलपुथल,grunn,هل,کم عمق,nie głęboko,raso,nu adanc,неглубокий,плитак,නොගැඹුරු,plytký,plitev,poco profundo,ytlig,не глибоко,اوچھے,bas
223,easy,maklik,i lehtë,հեշտ,সহজ,lako,лесно,fàcil,lako,snadný,let,eenvoudig,easy,facile,fácil,leicht,εύκολος,સરળ,आसान,auðveldur,éasca,facile,viegls,lengvas,лесно,सोपे,सजिलो,lett,اسانه,آسان,łatwo,fácil,uşor,лёгкий,лак,පහසු,ľahký,enostaven,fácil,enkel,легко,آسان,hawddgar
224,difficult,moeilik,i vështirë,դժվար,কঠিন,težak,труден,difícil,teško,obtížný,svær,moeilijk,difficult,difficile,difícil,schwer,δύσκολος,મુશ્કેલ,मुश्किल,erfiður,deacair,difficile,grūts,sunkus,тешко,अवघड,गाह्रो,vanskelig,ستونزمن,دشوار,trudny,difícil,dificil,трудный,тежак,අමාරු,ťažký,težek,difícil,svår,важко,مشکل,anodd
225,thick (not slender),growwe,i trashë,հաստ,মোটা,grubo,груб,espés,grub,drsný,tyk,grof,thick,épais,groso,grob,παχύς,જાડ,मोटा,þykkur,garbh,grosso,biezs,storas,дебели,जाड,मोटो,tykk,درانده,غلیظ,ordynarny,grosso,grosier,грубый,дебео,මහත,hrubý,debel,grueso,bred,товстий,کھردرا,braisg
226,thin (slender),dun,i hollë,բարակ,পাতলা,tanak,тънък,prim,tanak,jemný,tynd,dun,thin,mince,fino,Dünn,λεπτός,પાતળું,पतला,þunnur,tanaí,fine,tievs,plonas,тенок,पातळ,पातलो,tynn,پتلی,لاغر,chudy,fino,subţire,тонкий,танак,තුනී,tenký,tanek,delgado,smal,тонкий,باریک,tenau
227,clean,skoon,i pastër,մաքուր,পরিষ্কার,čist,чисти,net,čist,čistý,ren,schoon,clean,faire le ménage,limpar,sauber,καθαρός,ચોખ્ખો,साफ़,hreinn,glan,pulito,tīrs,švarus,чисти,स्वच्छ,सफा गर्नु,ren,پاک,تمیز,czysty,limpo,curat,лёгкий,чист,පිරිසිදු,čistý,čist,limpio,ren,чистий,صاف,glan
228,light,lig,i lehtë,թեթև,হালকা,svjetlo,светлина,llum,svjetlo,lehký,let,licht,light,léger,luz,leicht,φως,પ્રકાશ,हल्का,ljós,éadrom,leggero,gaisms,šviesas,светлина,प्रकाश,प्रकाश,lys,سپک,سبک,lekki,leve,ușoară,светлый,лак,සැහැල්ලු,ľahký,lahek,ligero,lätt,світлий,نرم,golau
229,cooked,gaar,i gatuar,եփած,সিদ্ধ,kuhano,варени,cuit,kuhani,vařený,kogt,gekookt,cooked,cuit,ben feito,gekocht,μαγείρευτος,રાંધેલ,पक्का,eldað,bruite,cotto,pagatavots,virtas,варен,शिजवलेले,पकाउनु,kokt,پاخه شوي,پخته,gotowany,cozinhar,gătit,варёный,куван,පිසූ,varený,kuhan,cocido,färdigkokt,приготований,پکا,wedi coginio
230,raw (not cooked),rou,i papërpunuar,հում,কাঁচা,sirov,суров,cru,sirov,syrový,rå,rauw,raw,cru,cru,roh,ωμός,કાચું,कच्चा,hrár,amh,crudo,jēs,žalias,суров,कच्चा,काँचो,rå,خام,خام,surowy,cru,crud,сырой,сиров,අමු,surový,surov,crudo,rå,сирий,کچا,amrwd
231,square,vierkante,katror,քառակուսի,বর্গক্ষেত্র,kvadrat,квадрат,quadrat,kvadrat,čtvercový,firkant,plein,square,carré,cadrado,Quadrat,τετράγωνο,ચોરસ,वर्ग,ferningur,cearnóg,quadrato,kvadrāts,kvadratas,квадрат,चौरस,वर्ग,torg,مربع,مربع,kwadrat,quadrado,pătrat,квадрат,квадрат,ඉරිමට්ටම,štvorec,kvadraten,cuadrado,fyrkant,площа,سمت,sgwar
232,chicken,hoender,pulë,հավ,মুরগি,kokoš,пиле,pollastre,piletina,kuře,kylling,kip,chicken,poulet,polo,Huhn,κοτόπουλο,ચિકન,मुर्गा,kjúklingur,sicín,pollo,vista,vištiena,пилешко,चिकन,कुखुराको मासु,kylling,چرګه,مرغ,kurczak,frango,pui,курица,пилетина,කුකුළා,kura,piščanec,pollo,kyckling,курка,مرغا,cyw
233,ox,os,ka,կով,ষাঁড়,bik,вол,bou,vol,vůl,okse,os,ox,boeuf,boi,Ochse,βόδι,બળદ,बैल,naut,damh,bue,vērsis,jautis,вол,बैल,गोरु,okse,غویی,گاو,wół,boi,bou,бык,говеда,ගවයා,vôl,vol,buey,oxe,віл,بیل,ych
234,horse,perd,kalë,ձի,ঘোড়া,konj,кон,cavall,konj,kůň,hest,paard,horse,cheval,cabalo,Pferd,άλογο,ઘોડો,घोड़ा,hestur,capall,cavallo,zirgs,arklys,коњ,घोडा,घोडा,hest,آس,اسب,koń,cavalo,cal,лошадь,коњ,අශ්වයා,kôň,konj,caballo,häst,кінь,گھوڑا,ceffyl
235,sheep,skape,dele,ոչխար,ভেড়া,ovce,овце,ovelles,ovce,ovce,får,schaap,sheep,mouton,ovella,Schaf,πρόβατο,ઘેટાં,भेड़,kind,caoirigh,pecora,aita,avis,овци,मेंढ्या,भेडा,sau,پسه,گوسفند,owce,ovelha,oaie,овца,овца,බයගුල්ලා,ovca,ovca,oveja,får,вівця,بھیڑ,defaid
236,goat,bok,dhi,այծ,ছাগল,koza,коза,cabra,koza,koza,ged,geit,goat,chèvre,cabra,Ziege,γίδα,બકરી,बकरा,geit,gabhar,capra,kaza,ožka,коза,शेळी,बाख्रा,geit,بزه,بز,koza,cabra,capră,козел,коза,එළුවා,koza,koza,cabra,get,коза,بکری,gafr
237,cat,kat,mace,կատու,বিড়াল,mačka,котка,gat,mačka,kočka,kat,kat,cat,chat,gato,Katze,γάτα,બિલાડી,बिल्ला,köttur,cat,gatto,kaķis,katė,мачка,मांजर,बिरालो,katt,پیشو,گربه,kot,gato,pisică,кот,мачка,පූසා,mačka,mačka,gato,katt,кіт,بلی,cath
238,mouse,muis,mi,մուկ,মাউস,miš,мишка,ratolí,miš,myš,mus,muis,mouse,souris,rato,Maus,ποντίκι,ઉંદર,चूहा,mús,luchóg,topo,pele,pelė,глувчето,उंदीर,मुसा,mus,موږک,موش,mysz,rato,șoarece,мышь,миш,මීයා,myš,miška,ratón,mus,миша,چوہا,llygoden
239,tiger,tiger,tigër,վագր,বাঘ,tigar,тигър,tigre,tigar,tygr,tiger,tijger,tiger,tigre,tigre,Tiger,τίγρη,વાઘ,बाघ,tígrisdýr,tíogair,tigre,tīģeris,tigras,тигар,वाघ,बाघ,tiger,پړانګ,ببر,tygrys,tigre,tigru,тигр,тигар,ව්‍යාඝ්‍රයා,tiger,tiger,tigre,tiger,тигр,چیتا,teigr
240,finger,vinger,gisht,մատ,আঙুল,prst,пръст на ръката,dit,prst,prst,finger,vinger,finger,doigt,dedo,Finger,δάχτυλο,આંગળી,उँगली,fingur,méar,dito,pirksts,pirštas,прст,बोट,औंला,finger,ګوته,انگشت,palec,dedo,deget,палец,прст,ඇඟිල්ල,prst,prst,dedo,finger,палець,انگلی,bys
241,stomach,maag,stomak,ստամոքս,পেট,želudac,стомах,estómac,želudac,žaludek,mave,maag,stomach,estomac,estómago,Magen,στομάχι,પેટ,पेट,magi,boilg,stomaco,kunģis,skrandis,стомакот,पोट,पेट,mage,معده,معده,brzuch,estômago,stomac,желудок,стомак,උදරය,žalúdok,želodec,estómago,mage,шлунок,معدہ,stumog
242,hair (on skin),hare,flokë,մազ,লোম,dlaka,коса,cabell,dlaka,chlup,hår,haar,hair,cheveu,cabelo,Haar,μαλλιά,વાળ,बाल,hár,gruaig,capello,mati,plaukai,влакна,केस,रौं,hår,ویښتان,مو,włosy,pêlos,păr,шерсть,крзно,රෝම,srsť,kožuh,pelo,hår,волосся,بال,gwallt
243,body,liggaam,trup,մարմին,শরীর,tijelo,тяло,cos,tijelo,tělo,legeme,lichaam,body,corps,corpo,Körper,σώμα,શરીર,तन,líkami,comhlacht,corpo,ķermenis,kūnas,тело,शरीर,शरीर,kropp,بدن,بدن,ciało,corpo,corp,тело,тело,ඇඟ,telo,telo,cuerpo,kropp,тіло,جسم,corff
244,run,hardloop,vrapoj,վազել,দৌড়ান,trčati,бягай,correr,trčati,běžet,løb,loop,run,courir,correr,laufen,τρέφω,દોડવું,दौड़ना,hlaupa,rith,correre,skriet,bėgti,трчај,धावणे,दौडने,løpe,منډې,دویدن,biegać,correr,a alerga,бежать,трчати,දුවනවා,bežať,teči,correr,springa,бігти,بهاگنا,hidlo
245,jump,spring,hipi,ցատկել,লাফ,skakati,скок,saltar,skočiti,skočit,hoppe,springen,jump,sauter,saltar,springen,πηδάω,કૂદી,कूदना,hoppa,léim,saltare,lēkt,šokinėti,скокаат,उडी,उफ्रने,hoppe,خیڅ وهل,جستن,skakać,saltar,a sari,прыгать,скочити,පනිනවා,skočiť,skok,saltar,hoppa,стрибати,چھلانگ,neidio
246,climb,klim,ngjit,մագլցել,আরোহণ,penjati,изкачвам се,escalar,penjati se,lézt,klatre,beklimmen,climb,monter,escalar,steigen,ανεβαίνω,ચઢવું,चढ़ना,klifra,tóg,salire,kāpt,lipti,се искачи,चढणे,आरोहण,klatre,پورته کېدل,بالا رفتن,wspinać się,subir,a urca,взбираться,попети се,නගිනවා,liezť,vzpeti se,trepar,klättra,підніматися,چڑھنا,dringo
247,go,gaan,shkoj,գնալ,যাওয়া,ići,отивам,anar,ići,jít,gå,gaan,go,aller,ir,gehen,πηγαίνω,જાઓ,जाना,fara,téigh,andare,iet,eiti,оди,जा,जानु,gå,تلل,رفتن,iść,ir,a merge,идти,ићи,යනවා,ísť,iti,ir,gå,йти,جانا,mynd
248,call,oproep,thërras,կանչել,কল,pozvati,обадете се,critar,pozvati,volat,kalde,telefoongesprek,call,appeler,chamar,rufen,καλώ,કૉલ,बुलाना,hringja,glaoigh,chiamare,saukt,vadinti,јавете се,कॉल,बोलाउनु,ringe,زنګ,صدا زدن,zadzwonić,chamar,a suna,звать,позвати,අමතනවා,volať,kričati,llamar,ringa,дзвонити,بلا نا,galw
249,cry,huil,qaj,լացել,কান্না,plakati,плача,plorar,plakati,plakat,græde,schreeuw,cry,pleurer,chorar,Weinen,κλαίγω,રડવું,रोना,gráta,caoin,piangere,raudāt,verkti,плаче,रडणे,रुनु,gråte,ژړل,گریه کردن,płakać,chorar,a striga,плакать,плакати,අඬනවා,plakať,jokati,llorar,gråta,плакати,رونا,crio
250,put,sit,vë,դնել,রাখা,staviti,слагам,posar,staviti,dát,sætte,neerzetten,put,mettre,poñer,stellen,βάζω,મૂકો,रखना,setja,cuir,mettere,likt,įdėti,стави,टाकणे,राख्नु,sette,واچول,گذاشتن,umieścić,pôr,a pune,ложить,ставити,තියනවා,položiť,dati,poner,sätta,класти,رکهنا,dodi
251,thirsty,dors,i etur,ծարավ,তৃষ্ণার্ত,žedan,жаден,assedegat,žedan,žíznivý,tørstig,dorstig,thirsty,assoiffé,sedento,durstig,διψασμένος,તરસ્યું,प्यासा,þyrstur,tart,assetato,izslāpis,ištroškęs,жеден,तहानलेला,तिर्खाएको,tørst,تږی,تشنه,spragniony,sedento,însetat,жаждущий,жедан,තිබහයි,smädný,žejen,sed,törstig,спраглий,پیاسا,sychedig
252,hungry,honger,i uritur,սոված,ক্ষুধার্ত,gladan,гладен,famolenc,gladan,hladový,sulten,hongerig,hungry,avoir faim,famento,hungrig,πεινασμένος,ભૂખ્યા,भूखा,svangur,ocras,affamato,izsalcis,alkanas,гладен,भुकेले,भोको,sulten,وږی,گرسنه,głodny,com fome,flămând,голодный,гладан,බඩගිනි,hladný,lačen,tener hambre,hungrig,голодний,بھوکا,newynog
253,swallow,sluk,gëlltit,կուլ տալ,গিলে ফেলা,progutati,поглъщам,empassar,lastavica,polykat,svale,slikken,swallow,avaler,tragar,schlucken,καταπίνω,ગળી જવું,निगलना,kyngja,slog,inghiottire,norīt,nuryti,проголта,गिळणे,निल्ने,svelge,تیریدل,فرو بردن,łyk,engolir,a înghite,глотать,прогутати,ගිල දමනවා,prehltnúť,požirati,tragar,svälja,ковтати,نگلنا,llyncu
254,awake,wakker,zgjoj,արթնանալ,জাগ্রত,budan,буден,despert,osvijestiti,probudit,vågen,wakker,awake,se réveiller,espertar,Erwachen,ξύπνιος,જાગૃત,जागना,vakandi,dúiseacht,svegliare,mosties,pabudęs,буден,जागे,ब्यूँझनु,våkne,ویښ,بیدار,obudzić,acordar-se,a trezi,бодрствовать,будан,ඇ‍හැරෙනවා,hore,buden,despertarse,vaken,прокинутися,بیدار,deffro
255,bathe,bad,bën banjë,լողանալ,স্নান,kupati,къпя се,banyar-se,kupka,koupat se,bade,zich baden,bathe,se baigner,bañarse,sich baden,λούτρο,સ્નાન,स्नान करना,baða,folcadh,farsi il bagno,peldēties,praustis,се искапе,आंघोळ,नुहाउनु,bade,حمام,شستشو کردن,kąpać się,banhar,a face baie,мыться,купати,ස්නානය කරන්න,kúpať sa,kopati se,bañarse,bada,приймати ванну,نہانا,golchi
256,get ill,siek raak,sëmurem,հիվանդանալ,অসুস্থ হওয়া,razboliti se,разболявам се,posar-se malalt,razboliti se,onemocnět,bliv syg,ziek worden,get ill,tomber malade,enfermarse,krank werden,αρρωσταίνω,બીમાર થવું,बीमार होना,veikjast,éirí tinn,ammalarsi,saslimt,sirgti,се разболи,आजारी पडणे,बिरामी हुनु,bli syk,ناروغه کېدل,مبتلا شدن,zachorować,ficar doente,a se îmbolnăvi,заболеть,разболети се,අසනීප වෙනවා,ochorieť,zboleti,enfermarse,bli sjuk,хворіти,بیمار ہونا,clafychu
257,like,soos,pëlqej,դուր գալ,পছন্দ,sviđati,харесвам,agradar,sviđati,líbit se,kan godt lide,leuk vinden,like,aimer,gustar,lieben,μου αρέσει ,ગમવું,पसंद करना,líka,mhaith,amare,patikt,mėgsti,допаѓа,आवडणे,मन पर्नु,like,خوښول,دوست داشتن,lubić,gostar,a iubi,любить,свиђати се,කැමති,páčiť sa,imeti rad,gustarse,tycka om,подобатися,پسند,hoffi
258,want,wil,dua,ուզել,চাই,željeti,искам,voler,željeti,chtít,vil have,wil,want,vouloir,querer,wollen,θέλω,માંગો છો,चाहना,vilja,ag iarraidh,volere,gribēt,norėti,сака,इच्छित,चाहनु,ønsker,غواړي,خواستن,chcieć,querer,a vrei,хотеть,желети,ආශා කරනවා,chcieť,želeti,querer,vilja,хотіти,چاہنا,eisiau
259,yesterday,gister,dje,երեկ,গতকাল,jučer,вчера,ahir,jučer,včera,i går,gisteren,yesterday,hier,onte,gestern,εχθές,ગઇકાલે,कल,í gær,inné,ieri,vakar,vakar,вчера,काल,हिजो,i går,پرون,دیروز,wczoraj,ontem,ieri,вчера,јуче,ඊයේ,včera,včeraj,ayer,i går,вчора,کل,ddoe
260,today,vandag,sot,այսօր,আজ,danas,днес,avui,danas,dnes,i dag,vandaag,today,aujourd'hui,hoxe,heute,σήμερα,આજે,आज,í dag,inniu,oggi,šodien,šiandien,денес,आज,आज,i dag,نن,امروز,dziś,hoje,azi,сегодня,данас,අද,dnes,danes,hoy,i dag,сьогодні,آج,heddiw
261,tomorrow,môre,nesër,վաղը,আগামীকাল,sutra,утре,demà,sutra,zítra,i morgen,morgen,tomorrow,demain,mañá,Morgen,αύριο,આવતીકાલે,कल,á morgun,amárach,domani,rīt,rytoj,утре,उद्या,भोली,i morgen,سبا,فردا,jutro,amanhã,mâine,завтра,сутра,හෙට,zajtra,jutri,mañana,i morgon,завтра,کل,yfory
262,before,voor,para,առաջ,আগে,prije,преди,abans,prije,předtím,før,voordat,before,avant,antes,Vor,πριν,પહેલાં,इससे पहले,áður,roimh,prima,pirms tam,prieš,пред,आधी,पहिले,før,مخکې,قبل,zanim,antes,înainte de,до,пре,පෙර,predtým,prej,antes,innan,раніше,پہلے,o'r blaen
263,now,nou,tani,հիմա,এখন,sada,сега,ara,sada,nyní,nu,nu,now,à présent,agora,jetzt,τώρα,હવે,अभी,núna,anois,adesso,tagad,dabar,сега,आता,अब,nå,اوس,اکنون,teraz,agora,acum,сейчас,сада,දැන්,teraz,zdaj,ahora,nu,зараз,ابھی,yn awr
264,later,later,më vonë,հետո,পরে,kasnije,по късно,més tard,kasnije,později,senere,later,later,plus tard,despois,later,αργότερα,પાછળથી,बाद में,síðar,níos déanaí,dopo,vēlāk,vėliau,подоцна,नंतर,पछि,senere,وروسته,بعد,później,mais tarde,mai târziu,потом,касније,පස්සේ,neskôr,kasneje,posterior,senare,пізніше,بعد میں,yn ddiweddarach
265,time,tyd,kohë,ժամանակ,সময়,vrijeme,време,temps,vrijeme,čas,tid,tijd,time,temps,tempo,Zeit,χρόνος,સમય,समय,tími,am,tempo,laiks,laikas,време,वेळ,समय,tid,وخت,زمان,czas,tempo,timp,время,време,වෙලා,čas,čas,tiempo,tid,час,وقت,amser
266,up,op,lart,վերև,উপর,gore,нагоре,amunt,gore,horní,op,omhoog,up,en haut,arriba,oben,πάνω,ઉપર,उपर,upp,suas,su,augšējais,aukštyn,нагоре,वर,माथि,opp,پورته,بالا,w górę,acima,sus,верх,горе,උඩ,hore,gor,arriba,upp,вгору,اوپر,i fyny
267,middle,sentrum,mes,կենտրոն,মধ্যম,sredina,среден,mig,sredina,střední,midten,midden,center,milieu,medio,Mitte,μέση,મધ્ય,मध्य,miðja,lár,mezzo,vidus,centras,средината,मध्य,बीच,senter,منځ,وسط,środek,meio,mijloc,середина,средина,මැද,stred,sredina,medio,mitt,середина,درمیانی,canol
268,down,af,poshtë,ներքև,নিচে,dolje,надолу,cap avall,dolje,dolní,ned,omlaag,down,en bas,abaixo,Nieder,κάτω,નીચે,नीचे,niður,síos,giù,zems,žemyn,надолу,खाली,तल,ned,ښکته,زیر,w dół,baixo,jos,низ,доле,පහළ,dole,dol,abajo,ner,вниз,نیچے,i lawr
269,east,oos,lindje,արևելք,পূর্ব,istok,изток,est,istok,východní,øst,oost,east,est,leste,Ost,ανατολή,પૂર્વ,पूर्व,austur,thoir,est,austrumi,rytai,исток,पूर्व,पूर्व,øst,ختیځ,شرق,wschód,leste,est,восток,исток,නැගෙනහිර,východ,vzhod,este,öster,схід,مشرق,dwyrain
270,west,wes,perëndim,արևմուտք,পশ্চিম,zapad,запад,oest,zapad,západní,vest,west,west,ouest,oeste,West,δυτική,પશ્ચિમ,पश्चिम,vestur,thiar,ovest,rietumi,vakarai,запад,पश्चिम,पश्चिम,vest,لویدیځ,غرب,zachód,oeste,vest,запад,запад,බටහිර,západ,zahod,oeste,väster,захід,مغرب,gorllewin
271,south,suid,jug,հարավ,দক্ষিণ,jug,юг,sud,jug,jižní,syd,zuiden,south,sud,sur,Süd,νότεια,દક્ષિણ,दक्षिण,suður,theas,sud,dienvidi,pietūs,југ,दक्षिण,दक्षिण,sør,سویل,جنوب,południe,sul,sud,юг,југ,දකුණු,juh,jug,sur,söder,південь,جنوب,de
272,north,noord,veri,հյուսիս,উত্তর,sjever,север,nord,sjever,severní,nord,noorden,north,nord,norte,Nord,βόρεια,ઉત્તર,उत्तर,norður,thuaidh,nord,ziemeļi,šiaurė,север,उत्तर,उत्तर,nord,شمال,شمال,północ,norte,nord,север,север,උතුරු,sever,sever,norte,norr,північ,شمال,gogledd
273,front,voorkant,përpara,առջև,সামনে,prednji,отпред,davant,ispred,přední,foran,voorkant,front,de face,diante,vorn,εμπρός,આગળ,सामने,framan,tosaigh,davanti,priekša,priekis,напред,समोर,अगाडि,front,مخکی,جلو,przód,frente,față,перед,испред,ඉදිරිපස,predok,spredaj,delante,främre,передній,سامنے,blaen
274,blue,blou,blu,կապույտ,নীল,plava,син,blau,plava,modrý,blå,blauw,blue,bleu,azul,blau,μπλε,વાદળી,नीला,blár,gorm,blu,zils,mėlynas,сина боја,निळा,निलो,blå,آبي,آبی,niebieski,azul,albastru,синий,плави,නිල්,modrý,moder,azul,blå,синій,نیلا,glas
275,meal,maaltyd,vakt,ճաշ,খাবার,obrok,хранене,menjar,obrok,jídlo,måltid,maaltijd,meal,repas,comida,Mahlzeit,γεύμα,ભોજન,भोजन,máltíð,béile,pasto,ēdiens,valgyti,оброк,जेवण,भोजन,måltid,خواړه,غذا,posiłek,refeição,masă,еда,оброк,වේලක්,jedlo,obrok,comida,måltid,їжа,کھانا,pryd
276,wine,wyn,verë,գինի,মদ,vino,вино,vi,vino,víno,vin,wijn,wine,vin,viño,Wein,κρασί,વાઇન,शराब,vín,fíona,vino,vīns,vynas,вино,वाइन,वाइन,vin,شراب,شراب,wino,vinho,vin,вино,вино,මත්පැන්,víno,vino,vino,vin,алкоголь,شراب,gwin
277,soup,sop,supë,ապուր,স্যুপ,supa,супа,sopa,juha,polévka,suppe,soep,soup,soupe,sopa,Suppe,σούπα,સૂપ,शोरबा,súpa,anraith,minestra,zupa,sriuba,супа,सूप,सुप,suppe,سوپ,سوپ,zupa,sopa,supă,суп,супа,සුප්,polievka,juha,sopa,soppa,суп,سوپ,cawl
278,oil,olie,vaj,յուղ,তেল,ulje,масло,oli,ulje,olej,olie,olie,oil,huile,aceite,Öl,λάδι,તેલ,तेल,olía,ola,olio,eļļa,aliejus,нафта,तेल,तेल,olje,تیل,روغن,olej,óleo,ulei,масло,уље,තෙල්,olej,olje,aceite,olja,масло,تیل,olew
279,house,huis,shtëpi,տուն,গৃহ,kuća,къща,casa,kuća,dům,hus,huis,house,maison,casa,Haus,σπίτι,ઘર,मकान,hús,teach,casa,māja,namas,куќа,घर,घर,hus,کور,خانه,dom,residência,casa,дом,кућа,නිවස,dom,hiša,casa,hus,будинок,گھر,tŷ
280,window,venster,dritare,պատուհան,জানলা,prozor,прозорец,finestra,prozor,okno,vindue,raam,window,fenêtre,fiestra,Fenster,παράθυρο,બારી,खिड़की,gluggi,fuinneoige,finestra,logs,langas,прозорец,खिडकी,सञ्झ्याल,vindu,کړکۍ,پنجره,okno,janela,fereastră,окно,прозор,කවුළුව,okno,okno,ventana,fönster,вікно,کھڑکی,ffenestr
281,door,deur,derë,դուռ,দরজা,vrata,врата,porta,vrata,dveře,dør,deur,door,porte,porta,Tür,πόρτα,દરવાજો,द्वार,hurð,doras,porta,durvis,duris,врата,दार,ढोका,dør,دروازه,در,drzwi,porta,uşă,дверь,врата,දොර,dvere,vrata,puerta,dörr,двері,دروازہ,drws
282,clothes,klere,rroba,հագուստ,বস্ত্র,odjeća,дрехи,roba,odjeća,oblečení,tøj,kleren,clothes,vêtements,roupa,Kleider,ρούχα,કપડાં,वस्त्र,föt,éadaí,abito,drēbes,drabužiai,алишта,कपडे,लुगाहरू,klær,جامې,لباس,odzież,roupas,haine,одежда,одећа,ඇඳුම,oblečenie,oblačila,ropa,kläder,одяг,کپڑے,dillad
283,cloth,lap,leckë,կտոր,কাপড়,krpa,плат,tela,krpa,tkanina,klud,lap,cloth,tissu,pano,Stoff,πανί,કાપડ,कपड़ा,klæði,éadach,stoffa,audums,audinys,крпа,कापड,कपडा,klut,ټوکر,پارچه,płótno,pano,pânză,ткань,тканина,රෙදි,plátno,prt,tela,trasa,тканина,کپڑا,brethyn
284,medicine,medisyne,ilaç,դեղ,ঔষধ,medicina,лекарство,medicament,lijek,lék,medicin,geneesmiddel,medicine,médicament,medicina,Medizin,φάρμακο,દવા,दवा,lyf,cógas,medicina,medicīna,vaistas,лек,औषध,औषधि,medisin,دارو,پزشکی,medycyna,remédio,medicament,лекарство,лек,බෙහෙත්,liek,zdravilo,medicamento,medicin,ліки,دوائی,meddygaeth
285,knife,mes,thikë,դանակ,ছুরি,nož,нож,ganivet,nož,nůž,kniv,mes,knife,couteau,coitelo,Messer,μαχαίρι,છરી,चाकू,hníf,scian,coltello,nazis,peilis,нож,चाकू,चक्कु,kniv,چاقو,چاقو,nóż,faca,cuţit,нож,нож,පිහිය,nôž,nož,cuchillo,kniv,ніж,چاقو,cyllell
286,bamboo,bamboes,bambu,բամբուկ,বাঁশ,bambus,бамбук,bambú,bambus,bambus,bambus,bamboe,bamboo,bambou,bambú,Bambus,μπαμπού,વાંસ,बांस,bambus,bambú,bambù,bambuss,bambukas,бамбус,बांबू,बाँस,bambus,بانس,بامبو,bambus,bambu,bambus,бамбук,бамбус,උණ බට,bambus,bambus,bambú,bambu,бамбук,بانس,bambŵ
287,lightning,weerlig,vetëtimë,կայծակ,বজ্র,munja,мълния,llamp,munja,blesk,lyn,bliksem,lightning,éclair,lóstrego,Blitz,αστραπή,વીજળી,आकाशीय बिजली,elding,tintreach,fulmine,zibens,žaibas,молња,वीज,चट्याङ,lyn,بریښنا,برق,błyskawica,relâmpago,fulger,молния,муња,අකුණ,blesk,strela,rayo,blixt,блискавка,بجلی,mellt
288,thunder,donderweer,bubullimë,ամպրոպ,বজ্র,grom,гръм,tro,grmljavina,hrom,torden,donder,thunder,tonnerre,trono,Donner,βροντή,ગર્જના,बिजली,þruma,toirneach,tuono,pērkons,griaustinis,гром,मेघगर्जना,गर्जन,torden,تندر,رعد,grzmot,trovão,tunet,гром,гром,ගිගුරුම,hrom,grmenje,trueno,åska,грім,گرج,taranau
289,sunny,sonnige,me diell,արևոտ,রোদ,sunčan,слънчево,assolellat,sunčano,slunný,solrig,zonnig,sunny,ensoleillé,soleado,sonnig,ηλιόλουστος,તડકો,धूपदार,sólríkur,grianmhar,soleggiato,saulains,saulėtas,сончево,सनी,घमाइलो,solfylt,لمر,آفتابی,słoneczny,ensolarado,însorită,солнечный,сунчан,පැහැදිලි,slnečný,sončno,soleado,solig,ясно,دھوپ,heulog
290,fart,fart,pordhë,հոտ հանել,চর্ম,prdež,пърдам,pet,prdnuti,prd,prut,scheet,fart,péter,peido,Furz,κλάνω,પાદ,अधोवायु,prump,broim,scoreggia,gāzes,bezdėjimas,прдеж,पादत्राणे,पाद्नु,promp,ټیز,گوز,pierdnięcie,peidar,bășina,пердеть,прдеж,අධෝවාතය,prd,prdec,pedo,fisa,випускати гази,پادنا,cnecian
291,urine,urine,urinë,մեզ,প্রস্রাব,urina,урина,orina,urin,moč,urin,urine,urine,urine,ouriños,Urin,ούρο,પેશાબ,मूत्र,þvagi,fual,urina,urīns,šlapimas,урината,मूत्र,पिसाब,urin,متیازی,ادرار,mocz,urina,urină,моча,урин,නරදිය,moč,urin,orina,urin,сеча,پیشاب,troeth
292,shit,poep,mut,կեղտ,বিষ্ঠা,sranje,мамка му,merda,sranje,hovno,lort,shit,shit,excrément,feces,Scheisse,σκατά,છી,मल,skítur,cac,merda,mēsli,šūdas,срање,बकवास,बकवास,dritt,اطراح,گه,gówno,merda,rahat,дерьмо,говно,ජරාව,hovno,drek,mierda,skit,лайно,پاخانہ,cachu
293,true,waar,i vërtetë,ճշմարիտ,সত্য,istinit,вярно,veritat,istinit,skutečný,rigtig,waar,true,vrai,verdadeiro,wahr,αληθινός,સાચું,सच,sannur,fíor,vero,patiess,tikras,вистина,खरे,साँचो हो,ekte,ریښتیا,واقعی,prawda,verdadeiro,adevărat,истинный,прав,ඇත්ත,pravdivý,prav,verdadero,sann,справжній,ا صلی,gwir
294,false,valse,i rremë,կեղծ,নকল,lažan,фалшива,fals,lažan,falešný,falsk,vals,false,faux,falso,falsch-künstlich,ψεύτικος,ખોટું,नकली,falskur,bréagach,falso,viltots,klaidingas,лажни,खोटे,असत्य,falsk,جعل,نادرست,podróbka,falso,fals,ложный,лажан,බොරු,falošný,lažen,falso,falsk,несправжній,جعلی,annilys
295,wrong,verkeerd,gabim,սխալ,ভুল,pogrešan,погрешно,mal,pogrešan,nesprávný,forkert,mis,wrong,fausse,errado,falsch,λανθασμένος,ખોટું,गलत,rangur,mícheart,sbagliato,nepareizs,neteisingas,погрешно,चुकीचे,गलत,feil,غلط,غلط,zły,errado,greșit,неправильный,погрешан,වැරදි,nesprávny,napačen,equivocado,fel,неправильно,غلط,anghywir
296,be,is,jam,լինել,হওয়া,biti,бъда,ser,biti,být,være,zijn,be,être,ser,sein,είναι,હોવું,होना,vera,bí,essere,būt,būti,биди,असणे,हो,være,وي,بودن,być,ser,a fi,быть,бити,ය,byť,biti,ser,vara,бути,ہونا,bod
297,believe,glo,besoj,հավատալ,বিশ্বাস,vjerovati,вярвам,creure,vjerovati,věřit,tro på,geloven,believe,croire,crer,glauben,πιστεύω,વિશ્વાસ,विश्वास करना,trúa,creid,credere,ticēt,tikėti,верувајте,विश्वास,विश्वास गर्नु,tro,باور,باور کردن,uwierzyć,acreditar,a crede,полагать,веровати,විශ්වාස කරනවා,veriť,verjeti,creer,tro,вірити,یقین,credu
298,very,baie,shumë,շատ,খুব,veoma,много,molt,vrlo,velmi,meget,heel,very,très,moi,sehr,πολύ,ખૂબ,बहुत,mjög,an-,molto,ļoti,labai,многу,खूप,धेरै,veldig,ډیر,خیلی,bardzo,muito,foarte,очень,врло,ගොඩක්,veľmi,zelo,muy,mycket,дуже,بہت,iawn
299,gold,goud,flori,ոսկի,সোনা,zlato,злато,or,zlato,zlato,guld,goud,gold,or,ouro,Gold,χρυσός,સોનું,सोना,gull,óir,oro,zelts,auksas,злато,सोने,सुन,gull,سره زر,طلا,złoto,ouro,aur,золото,злато,රත්තරන්,zlato,zlato,oro,guld,золото,سونا,aur
300,iron,yster,hekur,երկաթ,লোহা,željezo,желязо,ferro,željezo,železo,jern,ijzer,iron,fer,ferro,Eisen,σίδερο,લોખંડ,लोहा,járn,iarann,ferro,dzelzs,geležis,железо,लोखंड,फलाम,jern,اوسپنه,اهن,żelazo,ferro,fier,железо,гвожђе,යකඩ,železo,železo,hierro,järn,залізо,لوہا,haearn
